player_name,team,pos,GP,seasons_qualified,IOZC,IOZL,OZI,OZI_C,OZI_L,OZI_CL,DZI,DZI_C,DZI_L,DZI_CL,NZI,NZI_C,NZI_L,NZI_CL,TNZI,TNZI_C,TNZI_L,TNZI_CL,DOZI_23_24,DOZI_24_25,DOZI_25_26,DOZI_trend,DOZI_recent,DOZI_flag
Cam York,PHI,D,276,4,0.7827,0.9094,10.0,9.5,10.0,10.0,7.8,7.6,5.4,5.5,8.0,7.5,5.7,5.8,9.0,9.0,7.4,7.3,0.0649,-0.223,-0.0407,-0.0663,-0.0407,STABLE
Travis Sanheim,PHI,D,325,4,0.7837,0.9281,9.6,9.0,9.7,9.7,8.0,7.7,6.7,6.6,8.2,7.6,4.8,4.9,9.1,9.1,6.7,6.5,0.1254,-0.0993,-0.16,-0.0446,-0.16,DECLINING
Rasmus Andersson,VGK,D,319,4,0.7871,0.8647,9.9,9.0,9.7,9.4,7.3,6.9,5.6,5.4,6.6,5.8,3.4,3.7,8.7,8.7,5.7,5.5,0.0382,0.0477,-0.2558,-0.0566,-0.2558,DECLINING
Justin Braun,PHI,D,51,1,0.783,0.925,9.1,8.6,9.2,9.2,5.3,5.8,2.8,3.5,4.0,5.6,4.9,4.5,5.5,6.0,6.0,6.3,,,,,,
Rasmus Ristolainen,PHI,D,212,4,0.7812,0.8781,9.2,8.8,9.1,9.1,7.0,6.8,5.0,5.0,7.0,6.7,4.6,4.7,8.3,8.4,6.4,6.3,0.0989,-0.0775,0.097,0.0395,0.097,RISING
Mike Reilly,CAR,D,131,2,0.7793,0.806,9.5,9.3,9.0,9.0,6.8,6.6,6.3,6.1,9.0,8.7,6.3,6.3,8.9,9.0,5.3,5.2,,,,,,
Tony DeAngelo,NYI,D,212,4,0.7833,0.8555,9.2,8.7,9.0,8.9,8.7,8.7,5.1,5.4,8.1,7.9,6.4,6.4,7.5,7.6,5.8,5.6,0.0425,0.1554,-0.0704,0.0425,-0.0704,DECLINING
Henri Jokiharju,BOS,D,235,4,0.7807,0.8406,9.0,8.7,8.8,8.8,8.1,8.0,5.9,6.1,6.3,6.0,3.8,3.9,7.9,8.0,5.5,5.4,-0.0329,-0.159,-0.3933,-0.1951,-0.3933,DECLINING
Adam Pelech,NYI,D,261,4,0.7891,0.8278,9.6,8.6,9.2,8.8,8.8,8.7,5.8,6.0,7.5,7.0,6.4,6.4,8.2,8.1,5.0,4.6,0.2101,0.1253,-0.2585,0.0257,-0.2585,DECLINING
Shea Theodore,VGK,D,240,4,0.7915,0.9095,9.2,8.0,9.3,8.8,9.1,8.9,3.0,3.3,9.1,8.7,9.1,9.0,9.1,9.0,8.1,7.8,-0.0627,0.2334,-0.1565,0.0047,-0.1565,DECLINING
Aaron Ekblad,FLA,D,250,4,0.8015,0.9101,9.8,7.7,9.8,8.8,8.4,7.8,4.3,4.1,7.4,6.0,5.4,5.7,8.4,8.2,6.3,5.6,0.1296,-0.0365,-0.1444,-0.0171,-0.1444,DECLINING
Ian Moore,ANA,D,69,1,0.7588,0.7372,8.5,10.0,7.8,8.8,6.3,6.0,5.4,5.2,7.5,7.2,4.0,4.2,7.3,7.7,4.7,5.1,,,,,,
Nick Leddy,SJS,D,223,4,0.7912,0.8725,9.3,8.1,9.2,8.7,8.2,8.0,4.2,4.4,7.6,7.1,4.9,5.0,7.6,7.7,5.1,4.9,0.1351,-0.3922,-0.0571,-0.1047,-0.0571,DECLINING
Brayden McNabb,VGK,D,310,4,0.7921,0.8594,9.4,8.2,9.2,8.7,9.2,9.1,4.3,4.6,9.4,8.9,8.2,8.1,9.2,9.1,7.3,7.1,0.0072,0.139,-0.121,0.0084,-0.121,DECLINING
Nick Seeler,PHI,D,305,4,0.7749,0.8448,8.6,8.8,8.4,8.7,8.2,8.1,6.8,6.9,6.7,6.3,4.0,4.1,7.8,7.9,5.7,5.6,0.0905,-0.0402,-0.2617,-0.0705,-0.2617,DECLINING
Torey Krug,STL,D,140,2,0.7931,0.8323,9.7,8.4,9.4,8.7,7.4,7.2,5.6,5.5,6.4,6.0,3.5,3.7,7.7,7.7,4.8,4.6,-0.0505,,,-0.0505,,
Josh Morrissey,WPG,D,315,4,0.7926,0.8721,9.4,8.1,9.3,8.7,8.6,8.3,6.0,5.9,9.0,8.5,6.5,6.6,8.9,8.9,6.6,6.3,0.0841,0.0178,-0.0936,0.0028,-0.0936,DECLINING
Mark Friedman,VAN,D,51,2,0.789,0.7809,9.9,8.9,9.3,8.7,2.8,3.0,1.2,1.4,6.6,7.2,4.8,4.7,7.3,7.6,5.0,5.0,0.0898,,,0.0898,,
Noah Hanifin,VGK,D,313,4,0.7887,0.8679,9.3,8.3,9.1,8.7,8.7,8.4,6.1,6.1,7.9,7.5,4.7,4.9,8.6,8.6,6.2,6.0,0.0615,-0.0861,-0.1794,-0.068,-0.1794,DECLINING
Mattias Ekholm,EDM,D,303,4,0.8021,0.8744,9.9,7.8,9.7,8.6,9.0,8.5,2.4,2.6,9.4,8.4,10.0,10.0,9.2,9.1,8.4,8.0,-0.0053,-0.0214,0.1792,0.0508,0.1792,RISING
Dylan DeMelo,WPG,D,320,4,0.7898,0.8842,9.0,8.0,9.0,8.6,8.2,7.9,4.7,4.7,8.2,7.8,7.5,7.5,8.5,8.5,7.0,6.7,0.2071,-0.0065,-0.1131,0.0292,-0.1131,DECLINING
Colton Parayko,STL,D,301,4,0.7923,0.8679,9.3,8.1,9.2,8.6,9.0,8.9,6.5,6.7,7.8,7.2,4.5,4.7,8.3,8.3,5.1,4.8,0.1085,-0.2278,0.0075,-0.0372,0.0075,STABLE
Michael Stone,CGY,D,48,1,0.7829,0.8106,9.1,8.7,8.7,8.5,1.6,2.0,4.2,4.2,2.5,3.8,1.6,1.5,4.5,5.0,3.3,3.7,,,,,,
Jared Spurgeon,MIN,D,240,3,0.7858,0.825,9.2,8.5,8.8,8.5,8.6,8.5,3.6,4.0,7.9,7.5,4.8,4.9,9.2,9.2,6.4,6.3,,,0.065,0.065,0.065,RISING
Quinn Hughes,MIN,D,302,4,0.7886,0.8346,9.2,8.2,8.9,8.5,8.8,8.5,7.1,7.0,9.4,8.9,5.0,5.1,8.7,8.7,5.3,5.0,-0.0564,0.0469,-0.1255,-0.045,-0.1255,DECLINING
Michael Kesselring,BUF,D,190,3,0.7849,0.8323,9.0,8.4,8.7,8.5,6.4,5.9,4.3,4.0,8.0,7.5,5.9,6.0,7.8,7.8,5.5,5.1,,-0.0506,-0.1402,-0.0954,-0.1402,DECLINING
MacKenzie Weegar,UTA,D,322,4,0.787,0.8076,9.3,8.5,8.9,8.5,8.7,8.5,8.7,8.6,6.3,5.5,1.4,1.8,8.4,8.4,4.7,4.4,-0.1439,-0.1317,0.0087,-0.089,0.0087,STABLE
Jamie Drysdale,PHI,D,190,3,0.7757,0.8774,8.2,8.4,8.2,8.5,7.3,6.9,5.5,5.3,6.5,5.8,3.7,4.0,8.0,8.0,5.9,5.8,,-0.0208,-0.1477,-0.0843,-0.1477,DECLINING
Gustav Forsling,FLA,D,321,4,0.7988,0.9146,9.3,7.5,9.3,8.5,8.7,8.2,5.5,5.4,7.6,6.6,5.1,5.4,8.3,8.1,6.3,5.7,0.0307,0.1262,-0.2392,-0.0274,-0.2392,DECLINING
Chris Tanev,TOR,D,226,3,0.7951,0.8576,9.3,7.8,9.1,8.4,6.9,6.3,5.2,4.8,4.9,3.7,3.6,4.0,7.9,7.7,5.8,5.2,-0.0289,-0.3254,,-0.1772,-0.3254,DECLINING
Devon Toews,COL,D,305,4,0.7938,0.8515,9.3,8.0,9.1,8.4,9.1,9.0,3.0,3.5,7.1,6.3,5.4,5.6,8.4,8.3,6.3,5.9,-0.1805,0.0676,-0.062,-0.0583,-0.062,DECLINING
Oliver Ekman-Larsson,TOR,D,289,4,0.7849,0.8188,8.9,8.3,8.5,8.3,6.8,6.5,6.4,6.2,6.9,6.3,3.4,3.7,8.2,8.2,5.3,5.0,0.0272,-0.1176,0.0577,-0.0109,0.0577,RISING
Ryan Lindgren,SEA,D,286,4,0.7822,0.8399,8.6,8.2,8.4,8.3,8.0,7.9,3.2,3.6,7.1,6.6,5.5,5.6,8.4,8.4,6.1,5.9,-0.1095,-0.2871,0.0545,-0.114,0.0545,RISING
Derek Forbort,VAN,D,145,3,0.7827,0.7637,9.1,8.7,8.5,8.3,7.4,7.5,6.9,7.1,6.4,6.5,3.6,3.6,7.5,7.7,3.7,3.6,0.3347,-0.1663,,0.0842,-0.1663,DECLINING
Cale Makar,COL,D,291,4,0.7957,0.8798,9.1,7.6,9.0,8.3,9.5,9.3,3.6,4.0,7.7,6.8,4.7,4.9,8.3,8.1,6.4,5.9,-0.1317,0.1511,-0.1744,-0.0517,-0.1744,DECLINING
Evan Bouchard,EDM,D,326,4,0.8005,0.9032,9.2,7.3,9.2,8.3,9.6,9.1,3.9,4.0,10.0,8.8,8.9,9.0,9.3,9.1,8.0,7.4,0.1374,-0.0537,0.1925,0.0921,0.1925,RISING
Rasmus Dahlin,BUF,D,309,4,0.7906,0.7967,9.4,8.3,8.9,8.3,8.5,8.2,6.4,6.3,7.1,6.4,3.9,4.1,8.2,8.2,5.4,5.0,-0.0144,-0.1489,0.0098,-0.0512,0.0098,STABLE
Calen Addison,SJS,D,134,2,0.7913,0.7915,9.5,8.3,8.9,8.3,6.5,6.6,6.4,6.6,7.0,7.1,2.5,2.6,7.6,7.8,3.5,3.5,0.0987,,,0.0987,,
Hampus Lindholm,BOS,D,237,3,0.7921,0.7927,9.6,8.3,9.1,8.3,8.1,8.1,6.5,6.6,8.0,8.0,4.0,4.0,8.4,8.4,4.8,4.6,0.0487,,,0.0487,,
Joshua Brown,EDM,D,129,2,0.7907,0.7949,9.4,8.3,8.9,8.3,6.0,6.1,6.4,6.4,5.2,5.7,4.3,4.2,7.1,7.3,4.6,4.8,-0.1591,,,-0.1591,,
Alex Goligoski,MIN,D,82,2,0.8012,0.8142,9.8,7.8,9.4,8.2,6.4,6.6,4.9,5.2,5.1,5.3,4.7,4.6,5.8,6.0,4.7,4.5,-0.1358,,,-0.1358,,
Justin Faulk,DET,D,298,4,0.7868,0.8407,8.8,8.0,8.5,8.2,8.3,8.2,7.2,7.3,7.4,7.0,3.5,3.7,8.2,8.3,4.8,4.6,-0.0152,-0.0899,0.0287,-0.0254,0.0287,STABLE
Kevin Bahl,CGY,D,273,4,0.788,0.8609,8.7,7.8,8.5,8.2,7.0,6.6,5.4,5.1,6.8,5.8,4.4,4.6,7.9,7.8,5.9,5.5,0.2024,0.1222,-0.3427,-0.006,-0.3427,DECLINING
Nate Schmidt,UTA,D,295,4,0.7845,0.8143,8.8,8.2,8.4,8.2,7.9,7.7,6.1,6.1,8.3,7.8,6.2,6.3,8.1,8.1,5.9,5.6,0.178,-0.0075,-0.1279,0.0142,-0.1279,DECLINING
Filip Hronek,VAN,D,287,4,0.7862,0.8329,8.7,8.0,8.4,8.1,7.8,7.4,4.7,4.7,8.0,7.3,6.3,6.4,7.9,7.9,5.0,4.6,0.341,0.034,-0.1584,0.0722,-0.1584,DECLINING
Robert Bortuzzo,UTA,D,87,2,0.7845,0.805,8.8,8.2,8.4,8.1,5.3,5.4,7.2,7.0,5.0,5.1,4.3,4.3,7.3,7.4,4.5,4.3,0.0436,,,0.0436,,
Logan Mailloux,STL,D,74,1,0.7645,0.8166,7.5,8.6,7.2,8.1,6.5,6.4,4.4,4.5,4.9,4.1,3.4,3.7,4.6,5.1,3.9,4.1,,,,,,
Adam Fox,NYR,D,283,4,0.794,0.8109,9.1,7.8,8.7,8.0,9.2,8.9,6.4,6.5,7.7,7.0,4.8,5.0,8.6,8.5,6.1,5.6,-0.0911,-0.1486,0.0466,-0.0644,0.0466,STABLE
Samuel Girard,PIT,D,268,4,0.7807,0.77,8.7,8.4,8.1,8.0,9.1,9.4,4.9,5.6,7.6,7.5,5.0,5.0,8.4,8.5,6.3,6.3,-0.0953,0.0995,-0.4638,-0.1532,-0.4638,DECLINING
Mikhail Sergachev,UTA,D,267,4,0.7928,0.819,9.1,7.8,8.7,8.0,8.3,8.0,6.5,6.4,8.4,7.8,5.8,5.9,8.9,8.8,5.9,5.6,0.0537,0.1477,-0.2249,-0.0078,-0.2249,DECLINING
Cam Fowler,STL,D,312,4,0.7892,0.7814,9.1,8.1,8.6,8.0,7.7,7.5,6.5,6.5,5.9,5.5,3.0,3.2,7.6,7.7,4.0,3.8,0.0785,-0.1249,-0.0602,-0.0355,-0.0602,DECLINING
Nick DeSimone,UTA,D,97,3,0.7777,0.8102,8.2,8.2,7.9,8.0,5.9,5.7,4.9,4.7,5.9,5.2,4.5,4.7,5.7,5.8,4.3,4.1,,0.1955,-0.0605,0.0675,-0.0605,DECLINING
Ian Cole,UTA,D,319,4,0.7826,0.8203,8.5,8.1,8.2,8.0,9.1,9.1,9.1,9.1,8.4,8.3,4.8,4.8,8.2,8.3,4.9,4.8,0.4312,-0.0122,-0.1706,0.0828,-0.1706,DECLINING
Jake Middleton,MIN,D,301,4,0.7894,0.8481,8.6,7.6,8.4,8.0,9.4,9.4,4.9,5.3,7.4,7.0,5.6,5.7,8.3,8.4,6.9,6.8,0.2916,-0.3676,0.2016,0.0419,0.2016,RISING
Erik Cernak,TBL,D,276,4,0.7901,0.8137,8.9,7.8,8.5,8.0,7.4,7.2,4.6,4.6,7.9,7.6,5.8,5.8,9.0,9.0,6.8,6.6,0.1667,0.0035,-0.1219,0.0161,-0.1219,DECLINING
Noah Juulsen,PHI,D,153,3,0.776,0.8351,7.9,8.1,7.7,8.0,6.1,5.9,5.0,4.8,5.5,5.4,4.0,4.0,6.7,6.9,4.5,4.4,,-0.173,-0.1654,-0.1692,-0.1654,DECLINING
Charlie McAvoy,BOS,D,260,4,0.7936,0.782,9.3,7.9,8.7,7.9,6.9,6.7,6.8,6.5,7.2,6.8,3.9,4.0,8.2,8.1,4.8,4.4,0.0723,-0.1753,-0.0368,-0.0466,-0.0368,STABLE
Denton Mateychuk,CBJ,D,120,2,0.7702,0.8101,7.7,8.4,7.4,7.9,7.9,7.8,2.2,2.6,8.3,7.7,6.9,7.0,7.6,7.7,6.0,5.9,,,0.0904,0.0904,0.0904,RISING
Troy Stecher,TOR,D,265,4,0.776,0.8065,8.1,8.2,7.7,7.9,7.5,7.6,7.0,7.2,8.0,8.1,5.1,5.1,8.1,8.3,5.2,5.4,-0.1088,0.0205,-0.1447,-0.0777,-0.1447,DECLINING
Jon Merrill,MIN,D,208,3,0.7816,0.8089,8.3,8.0,7.9,7.9,7.2,7.4,7.3,7.6,7.2,7.6,3.7,3.6,7.4,7.7,3.8,3.9,0.1955,-0.2485,,-0.0265,-0.2485,DECLINING
Sebastian Aho,NYI,D,129,2,0.7947,0.8194,9.1,7.7,8.7,7.9,5.9,5.9,4.2,4.3,8.7,8.9,7.4,7.3,8.3,8.3,5.9,5.7,0.164,,,0.164,,
Kaedan Korczak,VGK,D,154,3,0.7724,0.849,7.5,8.0,7.4,7.9,7.2,7.1,3.0,3.3,7.8,7.9,7.0,6.9,7.4,7.7,5.5,5.5,,-0.0541,0.0591,0.0025,0.0591,RISING
Emil Andrae,PHI,D,107,2,0.7613,0.8466,6.9,8.3,6.8,7.9,7.2,7.1,6.9,6.9,5.3,4.9,2.8,3.0,7.2,7.4,5.0,5.0,,,-0.0951,-0.0951,-0.0951,DECLINING
Ivan Provorov,CBJ,D,328,4,0.7862,0.8109,8.6,7.9,8.3,7.9,9.1,9.2,5.5,5.9,8.0,7.6,6.0,6.0,8.2,8.2,5.6,5.3,0.0854,-0.2307,-0.1002,-0.0818,-0.1002,DECLINING
John Marino,UTA,D,253,4,0.7924,0.8237,8.9,7.7,8.6,7.9,8.5,8.3,5.8,5.9,8.1,7.5,5.7,5.8,8.3,8.3,5.7,5.4,0.2397,-0.0399,-0.0851,0.0383,-0.0851,DECLINING
Owen Power,BUF,D,315,4,0.7855,0.8185,8.5,7.9,8.2,7.9,8.4,8.3,6.9,7.0,7.3,7.0,3.5,3.6,8.3,8.4,5.3,5.1,0.0375,-0.2049,0.1413,-0.0087,0.1413,RISING
Philip Broberg,STL,D,206,3,0.7806,0.8625,7.8,7.6,7.7,7.8,8.8,8.8,4.9,5.2,8.3,7.8,5.4,5.5,8.5,8.7,5.5,5.5,,,0.1221,0.1221,0.1221,RISING
Dylan Samberg,WPG,D,266,4,0.7845,0.8233,8.3,7.8,8.0,7.8,8.6,8.4,7.5,7.5,8.1,7.6,4.9,5.0,8.3,8.4,5.0,4.9,0.5085,-0.0958,-0.2403,0.0574,-0.2403,DECLINING
Josh Manson,COL,D,230,4,0.7787,0.8078,8.1,8.1,7.8,7.8,8.9,9.0,4.6,5.2,8.2,7.7,5.9,6.0,9.0,9.1,7.1,7.1,0.3271,-0.0868,0.1183,0.1195,0.1183,RISING
Nikita Zadorov,BOS,D,319,4,0.7842,0.8304,8.2,7.7,8.0,7.8,7.1,6.9,7.3,7.0,6.8,6.3,2.5,2.7,8.0,8.1,4.2,4.0,-0.1395,-0.1057,-0.1635,-0.1363,-0.1635,DECLINING
Tyler Myers,DAL,D,299,4,0.79,0.7862,8.9,7.9,8.4,7.8,8.2,8.0,8.2,8.1,7.6,7.3,4.2,4.3,8.5,8.6,4.4,4.2,-0.0308,0.0161,-0.2251,-0.0799,-0.2251,DECLINING
Dmitry Kulikov,FLA,D,232,3,0.7903,0.8402,8.4,7.4,8.2,7.7,7.1,6.9,5.5,5.5,7.3,6.9,4.9,5.0,8.5,8.5,6.0,5.7,0.0807,-0.0448,,0.018,-0.0448,STABLE
Juuso Välimäki,UTA,D,189,3,0.7933,0.8345,8.7,7.4,8.4,7.7,7.8,7.7,8.8,8.7,8.0,7.9,4.9,4.9,8.1,8.2,4.9,4.7,0.0958,-0.071,,0.0124,-0.071,DECLINING
Neal Pionk,WPG,D,284,4,0.7891,0.7866,8.8,7.8,8.3,7.7,7.4,7.2,5.1,5.1,7.9,7.6,6.1,6.1,8.5,8.5,6.0,5.7,0.1601,-0.0116,-0.4446,-0.0987,-0.4446,DECLINING
Brady Skjei,NSH,D,324,4,0.7952,0.7949,9.0,7.6,8.6,7.7,8.5,8.3,6.5,6.5,7.9,7.4,6.0,6.1,8.8,8.8,7.3,7.1,0.0901,-0.1888,0.0304,-0.0228,0.0304,STABLE
Olli Määttä,CGY,D,269,4,0.7843,0.7828,8.4,7.9,7.9,7.7,7.4,7.3,6.7,6.7,7.2,7.1,4.5,4.5,7.9,8.0,4.7,4.5,-0.0304,0.1593,-0.3203,-0.0638,-0.3203,DECLINING
Brock Faber,MIN,D,242,3,0.7882,0.8629,8.2,7.3,8.1,7.7,9.6,9.3,3.5,3.8,8.1,7.2,6.3,6.4,8.7,8.7,7.2,6.9,,-0.2535,0.0724,-0.0905,0.0724,RISING
Brandt Clarke,LAK,D,184,2,0.7724,0.7514,8.1,8.5,7.4,7.7,8.8,8.5,6.8,6.8,8.4,8.0,4.5,4.6,8.4,8.5,5.2,5.1,,,0.1717,0.1717,0.1717,RISING
Brent Burns,COL,D,327,4,0.7923,0.8179,8.6,7.4,8.2,7.6,8.2,8.0,4.0,4.2,9.1,8.7,9.6,9.5,9.7,9.7,10.0,10.0,0.0678,-0.1526,0.1106,0.0086,0.1106,RISING
Marc-Edouard Vlasic,SJS,D,162,3,0.7933,0.7211,9.3,8.0,8.5,7.6,7.1,7.1,8.9,8.8,6.0,6.1,0.5,0.7,7.6,7.8,2.9,2.9,0.0206,-0.4835,,-0.2315,-0.4835,DECLINING
Erik Brannstrom,VAN,D,178,3,0.7887,0.7525,8.8,7.9,8.1,7.6,7.7,7.8,7.8,8.0,7.2,7.5,4.0,3.9,7.8,7.9,4.9,4.8,0.25,-0.0951,,0.0774,-0.0951,DECLINING
Jonas Brodin,MIN,D,234,4,0.7932,0.826,8.6,7.4,8.3,7.6,9.2,9.0,5.1,5.3,8.2,7.3,5.8,6.0,9.4,9.3,6.9,6.6,0.1463,-0.2116,-0.0641,-0.0431,-0.0641,DECLINING
Sam Dickinson,SJS,D,71,1,0.7588,0.7759,6.9,8.5,6.5,7.6,8.6,8.9,5.3,6.0,7.6,7.8,3.9,3.9,5.8,6.3,1.9,2.5,,,,,,
Egor Zamula,CBJ,D,176,3,0.7808,0.8563,7.6,7.4,7.5,7.6,7.2,7.3,6.4,6.5,6.7,6.8,3.5,3.6,7.7,7.8,5.6,5.4,,-0.2518,-0.1211,-0.1864,-0.1211,DECLINING
Carson Soucy,NYI,D,269,4,0.7848,0.8228,8.2,7.6,7.9,7.6,6.4,6.0,5.9,5.6,6.6,6.1,4.1,4.3,6.9,7.0,4.4,4.0,0.036,-0.1608,-0.0341,-0.053,-0.0341,STABLE
Ryan McDonagh,TBL,D,275,4,0.7934,0.8161,8.6,7.4,8.3,7.6,8.6,8.5,6.5,6.6,7.8,7.5,5.7,5.8,9.0,9.0,7.0,6.8,0.1615,-0.0093,-0.3607,-0.0695,-0.3607,DECLINING
Niko Mikkola,FLA,D,307,4,0.7937,0.8201,8.6,7.2,8.2,7.5,8.5,8.3,6.4,6.4,8.6,8.0,5.4,5.5,9.0,8.9,5.8,5.4,0.2226,-0.0315,-0.1804,0.0036,-0.1804,DECLINING
Mark Giordano,TOR,D,124,2,0.8019,0.7495,9.5,7.5,8.8,7.5,6.6,6.6,7.4,7.4,7.5,7.4,3.2,3.3,7.5,7.6,3.9,3.7,-0.1392,,,-0.1392,,
Pavel Mintyukov,ANA,D,203,3,0.7748,0.7467,8.0,8.2,7.3,7.5,7.5,7.3,7.2,7.0,6.1,5.6,3.8,4.0,7.4,7.6,4.6,4.5,,-0.2282,0.2318,0.0018,0.2318,RISING
Marc Staal,PHI,D,117,2,0.8031,0.7963,9.3,7.2,8.8,7.5,6.6,6.4,3.5,3.6,6.9,6.7,5.4,5.4,8.5,8.5,5.1,4.8,0.2443,,,0.2443,,
Jacob Bryson,WPG,D,193,4,0.7807,0.7604,8.2,8.0,7.7,7.5,6.0,6.0,5.6,5.6,6.3,6.8,3.2,3.2,7.7,7.9,4.5,4.6,-0.2459,-0.2258,0.0962,-0.1252,0.0962,RISING
Sean Durzi,UTA,D,238,4,0.7899,0.8443,8.2,7.2,8.0,7.5,8.2,8.1,4.8,5.1,9.0,8.6,6.9,6.9,8.2,8.3,6.5,6.3,0.2566,-0.0919,-0.0616,0.0344,-0.0616,DECLINING
Tyler Tucker,STL,D,158,4,0.7699,0.8197,7.2,7.9,6.9,7.5,5.2,5.3,5.3,5.3,6.5,6.9,2.7,2.7,6.9,7.3,3.9,4.2,0.0599,-0.049,0.1544,0.0551,0.1544,RISING
Jake McCabe,TOR,D,295,4,0.7934,0.7793,8.8,7.5,8.3,7.5,7.2,6.9,7.4,7.1,6.7,5.9,2.6,2.9,7.9,7.9,4.7,4.2,0.15,-0.1328,-0.0254,-0.0027,-0.0254,STABLE
Spencer Stastney,EDM,D,117,3,0.7789,0.708,8.5,8.4,7.7,7.5,8.3,8.4,6.7,7.1,7.4,8.1,3.6,3.5,7.9,8.2,4.4,4.7,,-0.1041,0.127,0.0114,0.127,RISING
Dakota Mermis,TOR,D,64,1,0.7779,0.8113,7.7,7.7,7.4,7.5,5.4,5.2,4.5,4.2,6.3,5.4,3.8,4.1,6.0,6.0,3.8,3.4,,,,,,
Erik Johnson,COL,D,166,3,0.7813,0.7662,8.2,8.0,7.7,7.5,6.5,6.9,4.3,4.9,5.6,6.2,3.1,3.0,7.4,7.7,4.8,5.0,-0.0843,-0.2962,,-0.1902,-0.2962,DECLINING
Trevor van Riemsdyk,WSH,D,295,4,0.7864,0.7356,8.8,8.0,8.0,7.5,7.8,7.7,4.9,5.1,8.6,8.4,5.0,5.0,8.8,8.8,4.9,4.7,0.175,-0.107,-0.0204,0.0159,-0.0204,STABLE
Jake Sanderson,OTT,D,303,4,0.792,0.7663,8.8,7.6,8.2,7.5,7.8,7.6,6.0,6.0,7.3,6.9,4.7,4.8,8.7,8.7,6.7,6.4,0.2975,-0.2239,0.006,0.0265,0.006,STABLE
J.J. Moser,TBL,D,295,4,0.7949,0.8085,8.7,7.3,8.3,7.5,7.2,6.8,6.5,6.2,8.7,8.2,6.5,6.5,9.3,9.3,6.1,5.9,0.0656,-0.2852,0.1769,-0.0142,0.1769,RISING
Jalen Chatfield,CAR,D,301,4,0.7843,0.779,8.2,7.7,7.7,7.4,7.9,7.8,4.1,4.4,8.4,8.1,8.2,8.1,9.1,9.2,8.1,8.1,0.2385,-0.3734,0.1358,0.0003,0.1358,RISING
Mattias Samuelsson,BUF,D,236,4,0.7902,0.8679,7.9,6.9,7.8,7.4,7.8,7.4,5.2,5.1,7.1,6.5,3.9,4.1,7.9,7.9,5.6,5.2,0.1697,-0.2889,0.0584,-0.0203,0.0584,RISING
Brett Pesce,NJD,D,261,4,0.7949,0.8232,8.5,7.1,8.2,7.4,7.9,7.5,4.6,4.6,8.7,7.9,6.2,6.3,9.6,9.5,7.3,7.0,0.0224,-0.2224,0.0255,-0.0582,0.0255,STABLE
Ryan Pulock,NYI,D,290,4,0.7907,0.8111,8.4,7.3,8.0,7.4,7.9,7.7,5.7,5.7,7.8,7.3,6.7,6.7,7.7,7.7,4.8,4.3,0.1921,0.3001,-0.2192,0.091,-0.2192,DECLINING
Brandon Montour,SEA,D,290,4,0.79,0.834,8.1,7.1,7.9,7.4,9.4,9.2,7.3,7.4,8.2,7.4,5.9,6.0,7.6,7.6,6.1,5.6,0.1383,-0.0607,-0.084,-0.0021,-0.084,DECLINING
Alexander Nikishin,CAR,D,81,1,0.767,0.7845,7.1,8.0,6.7,7.4,9.3,9.5,7.0,7.5,8.4,8.3,6.9,6.8,7.0,7.4,6.1,6.5,,,,,,
Yan Kuznetsov,CGY,D,58,1,0.7662,0.8438,6.6,7.7,6.5,7.4,7.2,6.8,4.4,4.3,5.3,4.2,2.4,2.8,5.6,5.8,4.4,4.2,,,,,,
Artem Zub,OTT,D,259,4,0.7905,0.8197,8.3,7.2,8.0,7.4,8.4,8.3,6.5,6.6,7.9,7.8,5.1,5.1,8.9,8.9,7.0,6.9,0.4818,-0.3654,-0.0061,0.0368,-0.0061,STABLE
Brandon Carlo,TOR,D,289,4,0.7887,0.8491,8.0,7.1,7.8,7.4,8.5,8.5,7.2,7.4,7.0,6.9,4.3,4.4,7.7,7.7,5.2,4.9,-0.0241,-0.0439,-0.1571,-0.075,-0.1571,DECLINING
Ethan Bear,WSH,D,85,2,0.8014,0.8392,8.8,6.8,8.5,7.4,4.2,3.9,4.0,3.5,5.3,5.5,4.6,4.6,7.2,7.3,5.0,4.8,-0.5005,,,-0.5005,,
Alex Pietrangelo,VGK,D,209,3,0.7983,0.8135,8.7,7.1,8.4,7.4,9.9,9.6,5.1,5.4,9.1,8.4,7.0,7.1,8.6,8.4,5.7,5.1,0.0098,0.166,,0.0879,0.166,RISING
Will Borgen,NYR,D,323,4,0.788,0.7601,8.4,7.6,7.8,7.3,7.1,6.9,5.8,5.7,6.9,6.8,5.5,5.5,7.7,7.8,4.7,4.5,-0.0104,0.0028,-0.0663,-0.0246,-0.0663,DECLINING
Elias Salomonsson,WPG,D,32,1,0.7532,0.8053,6.1,8.2,5.9,7.3,5.4,5.2,2.9,2.8,3.2,3.0,4.7,4.8,4.4,4.9,4.1,4.5,,,,,,
Scott Mayfield,NYI,D,269,4,0.7836,0.7843,8.0,7.5,7.5,7.3,7.8,7.8,7.7,7.9,9.0,9.1,6.5,6.4,8.6,8.7,4.6,4.5,0.1671,0.0784,-0.1333,0.0374,-0.1333,DECLINING
Jaccob Slavin,CAR,D,276,4,0.7947,0.8449,8.2,6.9,8.1,7.3,8.4,8.3,5.1,5.3,9.9,9.5,8.9,8.8,10.0,10.0,9.8,9.7,0.0372,-0.1418,0.1517,0.0157,0.1517,RISING
Matthew Schaefer,NYI,D,82,1,0.7758,0.8435,7.1,7.4,7.0,7.3,6.7,6.3,4.6,4.4,8.7,7.6,6.5,6.7,6.9,7.0,4.8,4.6,,,,,,
Vincent Desharnais,SJS,D,218,4,0.7793,0.763,7.8,7.7,7.3,7.2,8.3,8.4,2.7,3.4,7.3,7.3,6.3,6.3,7.0,7.3,5.0,5.1,0.0377,0.0346,-0.2849,-0.0709,-0.2849,DECLINING
Nick Perbix,NSH,D,298,4,0.789,0.7692,8.3,7.4,7.7,7.2,7.4,7.3,5.5,5.6,6.9,6.8,5.1,5.2,7.7,7.8,5.7,5.5,0.1706,-0.4011,0.1179,-0.0375,0.1179,RISING
Dougie Hamilton,NJD,D,243,4,0.7913,0.8014,8.2,7.1,7.8,7.2,8.0,7.7,5.6,5.6,8.0,7.2,5.7,5.8,8.0,7.9,5.6,5.0,-0.0238,-0.3103,0.2458,-0.0294,0.2458,RISING
K'Andre Miller,CAR,D,305,4,0.7933,0.7908,8.4,7.1,7.9,7.2,8.8,8.6,6.0,6.1,8.3,7.6,6.0,6.1,8.3,8.2,6.0,5.6,0.0128,0.0476,-0.1392,-0.0262,-0.1392,DECLINING
Morgan Rielly,TOR,D,297,4,0.7899,0.7858,8.2,7.2,7.8,7.2,7.7,7.4,7.2,7.0,7.1,6.3,2.4,2.7,7.9,7.8,4.3,3.7,-0.0265,0.0348,-0.0519,-0.0145,-0.0519,DECLINING
Jacob Trouba,ANA,D,308,4,0.7891,0.7735,8.3,7.4,7.8,7.2,8.0,7.8,5.1,5.2,7.9,7.4,5.4,5.5,8.2,8.2,5.5,5.2,-0.0575,-0.1394,0.1502,-0.0156,0.1502,RISING
Matt Grzelcyk,CHI,D,289,4,0.7876,0.7933,8.0,7.2,7.6,7.2,6.9,6.8,6.6,6.5,6.8,6.7,4.2,4.3,8.0,8.0,4.7,4.5,-0.1294,-0.0804,-0.0545,-0.0881,-0.0545,DECLINING
Ben Hutton,VGK,D,138,3,0.7768,0.7668,7.6,7.7,7.1,7.2,7.9,7.9,5.4,5.6,7.1,7.2,5.7,5.6,6.1,6.4,4.1,4.1,0.1665,,,0.1665,,
Joel Nystrom,CAR,D,38,1,0.7677,0.7973,6.8,7.7,6.5,7.1,5.3,5.3,1.7,1.9,6.3,6.3,7.2,7.1,6.2,6.5,4.8,5.0,,,,,,
Victor Hedman,TBL,D,266,4,0.7927,0.8101,8.1,6.9,7.8,7.1,8.4,8.3,7.2,7.2,8.2,8.1,6.6,6.5,8.3,8.3,6.8,6.5,0.2237,-0.0386,-0.3801,-0.065,-0.3801,DECLINING
Jamie Oleksiak,SEA,D,317,4,0.7875,0.8009,7.9,7.1,7.5,7.1,8.0,7.9,6.3,6.4,8.3,8.5,5.0,5.0,8.3,8.4,4.7,4.7,0.0063,-0.0109,-0.2402,-0.0816,-0.2402,DECLINING
Zeev Buium,VAN,D,75,1,0.7751,0.7728,7.3,7.6,6.9,7.1,7.8,7.3,6.7,6.4,6.2,4.9,3.9,4.3,4.9,5.1,3.2,2.9,,,,,,
Damon Severson,CBJ,D,289,4,0.7902,0.7664,8.3,7.3,7.8,7.1,9.5,9.5,6.3,6.7,8.6,7.8,5.9,6.1,8.6,8.6,5.6,5.2,0.1305,-0.2419,0.0347,-0.0256,0.0347,STABLE
Scott Perunovich,NYI,D,89,2,0.78,0.8113,7.3,7.2,7.1,7.1,6.9,6.8,5.7,5.7,5.4,5.2,2.5,2.7,6.6,6.6,3.6,3.2,,0.0477,,0.0477,0.0477,STABLE
Bowen Byram,BUF,D,279,4,0.7856,0.8203,7.6,7.0,7.4,7.1,8.7,8.8,5.9,6.3,8.0,7.9,4.5,4.5,8.7,8.8,5.9,5.8,0.0299,0.0996,-0.0362,0.0311,-0.0362,STABLE
Darren Raddysh,TBL,D,245,3,0.7877,0.7999,7.9,7.2,7.6,7.1,7.6,7.4,6.1,6.0,9.1,8.8,6.4,6.4,9.1,9.1,6.9,6.7,,0.0122,0.0057,0.009,0.0057,STABLE
Jonas Siegenthaler,NJD,D,274,4,0.7932,0.7668,8.5,7.2,7.9,7.1,8.1,7.9,5.3,5.4,7.6,6.9,5.6,5.7,7.9,7.9,5.2,4.7,0.0808,-0.1534,0.0557,-0.0056,0.0557,RISING
Calvin de Haan,NYR,D,159,3,0.7788,0.7354,7.7,7.6,7.0,7.0,7.5,7.6,6.2,6.4,7.7,8.1,5.0,4.9,8.4,8.7,6.2,6.4,0.0169,-0.5052,,-0.2442,-0.5052,DECLINING
Ben Chiarot,DET,D,316,4,0.7881,0.7727,8.0,7.2,7.5,7.0,7.9,7.7,6.9,6.9,6.8,6.2,4.3,4.4,7.6,7.6,4.8,4.4,-0.0654,-0.1057,0.0191,-0.0507,0.0191,STABLE
Conor Timmins,BUF,D,159,4,0.7764,0.7582,7.5,7.6,6.9,7.0,5.8,5.8,5.0,5.0,5.3,5.3,3.7,3.8,7.3,7.5,5.1,5.1,0.2171,0.2658,-0.1143,0.1228,-0.1143,DECLINING
Timothy Liljegren,WSH,D,238,4,0.7939,0.7754,8.3,7.0,7.8,7.0,7.6,7.3,5.5,5.4,6.4,5.9,4.3,4.5,7.3,7.3,4.8,4.3,0.0339,-0.2499,-0.1422,-0.1194,-0.1422,DECLINING
Uvis Balinskis,FLA,D,156,3,0.7728,0.818,6.7,7.2,6.5,7.0,6.2,6.1,5.2,5.2,8.3,8.4,6.0,5.9,8.0,8.1,5.8,5.7,,0.2887,-0.2582,0.0152,-0.2582,DECLINING
Sean Walker,CAR,D,314,4,0.7807,0.7911,7.4,7.3,7.1,7.0,9.5,9.6,6.1,6.5,8.9,8.7,6.7,6.7,9.1,9.2,6.5,6.5,0.2444,-0.3161,0.2721,0.0668,0.2721,RISING
Joel Edmundson,LAK,D,268,4,0.7852,0.7676,7.8,7.3,7.3,7.0,7.4,7.1,4.3,4.2,6.6,5.8,5.7,5.8,7.5,7.6,5.6,5.3,-0.0194,0.1396,0.1853,0.1018,0.1853,RISING
Adam Larsson,SEA,D,326,4,0.792,0.7863,8.2,7.0,7.7,7.0,8.7,8.4,4.7,4.9,8.7,8.4,7.3,7.2,8.6,8.6,6.1,5.9,0.0498,-0.0727,0.1662,0.0478,0.1662,RISING
Adam Boqvist,NYI,D,144,4,0.7865,0.7568,8.0,7.3,7.4,7.0,4.8,4.5,2.7,2.5,7.0,6.7,5.0,5.0,7.2,7.3,3.8,3.7,0.1775,-0.1149,-0.3204,-0.0859,-0.3204,DECLINING
Rasmus Sandin,WSH,D,294,4,0.7855,0.779,7.8,7.2,7.3,7.0,7.8,7.6,4.9,5.0,8.0,7.4,5.6,5.7,8.2,8.2,6.0,5.7,-0.1115,-0.1294,0.0829,-0.0526,0.0829,RISING
Vince Dunn,SEA,D,282,4,0.7934,0.8118,8.0,6.8,7.7,7.0,8.6,8.4,4.2,4.4,8.6,8.3,7.6,7.6,8.4,8.4,6.8,6.6,0.0041,-0.0372,0.2259,0.0643,0.2259,RISING
Travis Dermott,MIN,D,80,1,0.7886,0.8329,7.6,6.7,7.4,7.0,5.5,5.2,5.9,5.6,4.9,5.1,3.9,3.9,6.7,6.8,4.4,4.2,,,,,,
Justin Schultz,SEA,D,143,2,0.7979,0.7781,8.5,6.8,8.0,7.0,6.8,6.7,5.3,5.3,5.8,6.0,4.8,4.8,6.6,6.8,4.5,4.3,-0.0813,,,-0.0813,,
Ryan Suter,STL,D,246,3,0.7958,0.7955,8.1,6.7,7.7,6.9,7.2,6.8,5.6,5.3,7.3,6.6,5.0,5.2,8.1,8.1,5.4,5.0,0.2195,-0.1696,,0.0249,-0.1696,DECLINING
Dmitry Orlov,SJS,D,305,4,0.7867,0.7996,7.6,6.9,7.2,6.9,8.8,8.7,6.0,6.2,9.4,9.1,6.1,6.1,9.1,9.2,6.6,6.5,0.3277,-0.3656,0.079,0.0137,0.079,RISING
Sam Malinski,COL,D,180,3,0.7627,0.7734,6.4,7.7,6.0,6.9,9.1,9.4,5.2,5.9,8.0,8.0,4.6,4.6,8.1,8.4,5.8,6.1,,,0.0467,0.0467,0.0467,STABLE
Jackson LaCombe,ANA,D,229,3,0.7792,0.7478,7.5,7.5,6.9,6.9,8.4,8.1,7.4,7.3,7.0,6.5,4.6,4.8,8.2,8.3,5.4,5.3,,-0.0714,0.0667,-0.0023,0.0667,RISING
Jeff Petry,MIN,D,245,4,0.7825,0.7399,7.8,7.4,7.1,6.9,7.5,7.6,5.7,6.0,7.7,7.8,4.8,4.7,7.7,7.9,4.9,4.9,0.1915,-0.1593,-0.1802,-0.0493,-0.1802,DECLINING
Daemon Hunt,MIN,D,45,1,0.7678,0.7991,6.6,7.5,6.3,6.9,4.7,4.8,3.9,4.0,5.3,4.8,3.7,3.9,5.4,5.9,3.1,3.4,,,,,,
Kevin Shattenkirk,BOS,D,136,2,0.7887,0.7311,8.2,7.3,7.5,6.9,6.4,6.7,7.3,7.6,5.6,6.4,2.1,2.0,6.3,6.7,3.2,3.3,0.2644,,,0.2644,,
Zach Bogosian,MIN,D,233,4,0.7807,0.8179,7.2,7.0,7.0,6.9,7.4,7.6,5.1,5.6,7.6,8.1,4.4,4.3,7.9,8.1,4.7,4.8,0.7157,-0.3559,-0.2533,0.0355,-0.2533,DECLINING
Roman Josi,NSH,D,270,4,0.7957,0.7981,8.1,6.7,7.7,6.9,8.4,8.2,5.2,5.3,8.2,7.8,5.4,5.5,9.0,9.0,6.5,6.3,0.1499,-0.1352,0.068,0.0276,0.068,RISING
David Jiricek,PHI,D,85,2,0.7861,0.751,7.8,7.1,7.2,6.8,6.3,6.3,4.8,4.9,5.9,6.1,3.3,3.4,6.6,6.7,3.5,3.3,,,,,,
Elias Pettersson,VAN,D,97,2,0.7707,0.807,6.5,7.2,6.2,6.8,7.4,6.9,6.2,5.9,5.9,5.2,4.0,4.2,5.5,5.7,3.5,3.3,,,-0.0129,-0.0129,-0.0129,STABLE
Mathew Dumba,PIT,D,229,3,0.7922,0.7665,8.1,7.0,7.6,6.8,7.3,7.3,6.4,6.4,7.8,8.1,4.8,4.8,8.0,8.1,5.6,5.5,-0.1358,-0.2748,,-0.2053,-0.2748,DECLINING
Shayne Gostisbehere,CAR,D,281,4,0.7868,0.7784,7.7,7.0,7.2,6.8,8.2,8.3,4.8,5.2,7.8,7.7,6.5,6.5,8.6,8.7,6.7,6.7,-0.0164,-0.2236,0.3662,0.042,0.3662,RISING
Jordan Spence,OTT,D,229,3,0.7723,0.6472,7.8,8.3,6.7,6.8,7.4,7.3,6.9,6.9,7.5,7.4,4.3,4.3,7.8,8.0,5.1,5.2,,-0.2165,0.2428,0.0131,0.2428,RISING
Erik Karlsson,PIT,D,321,4,0.796,0.7327,8.5,7.0,7.8,6.8,8.6,8.4,7.1,7.1,8.5,7.9,4.0,4.2,8.6,8.6,4.8,4.4,0.0942,-0.0442,0.0873,0.0457,0.0873,RISING
Matt Roy,WSH,D,311,4,0.7888,0.7489,7.8,7.0,7.2,6.7,10.0,10.0,5.5,6.0,7.7,7.1,6.4,6.5,7.9,7.9,5.9,5.7,0.1042,-0.0121,-0.182,-0.0299,-0.182,DECLINING
Jacob MacDonald,SJS,D,92,2,0.7962,0.7292,8.5,7.0,7.7,6.7,7.6,7.9,7.3,7.6,7.2,7.2,2.4,2.5,7.4,7.5,3.5,3.3,-0.0849,,,-0.0849,,
Brenden Dillon,NJD,D,323,4,0.7851,0.8061,7.3,6.8,7.0,6.7,7.6,7.5,6.0,6.0,8.0,7.8,5.9,5.9,8.3,8.4,5.6,5.5,0.3053,-0.2578,-0.1389,-0.0305,-0.1389,DECLINING
Calle Rosen,STL,D,55,1,0.7936,0.8307,7.6,6.3,7.4,6.7,4.0,4.1,5.0,4.9,5.0,6.0,2.9,2.8,7.1,7.4,4.3,4.4,,,,,,
Noah Dobson,MTL,D,308,4,0.7911,0.7545,7.9,6.9,7.4,6.7,9.3,9.2,6.4,6.6,8.2,7.7,6.8,6.8,7.8,7.7,5.0,4.4,0.161,-0.1006,0.1727,0.0777,0.1727,RISING
Declan Chisholm,WSH,D,123,3,0.7744,0.8263,6.5,6.9,6.3,6.7,7.2,7.1,4.5,4.6,5.9,5.8,5.1,5.1,7.1,7.2,6.0,5.9,,0.1253,-0.5172,-0.196,-0.5172,DECLINING
Moritz Seider,DET,D,328,4,0.7925,0.755,8.1,6.9,7.5,6.7,8.3,7.9,6.4,6.3,7.2,6.5,4.5,4.7,8.3,8.2,5.7,5.3,0.0035,0.016,0.0015,0.007,0.0015,STABLE
Joel Hanley,CGY,D,189,4,0.7837,0.7658,7.5,7.0,7.0,6.7,7.3,7.0,6.2,6.1,5.4,4.8,2.3,2.6,7.1,7.1,4.0,3.7,-0.0098,0.2316,-0.0936,0.0427,-0.0936,DECLINING
Parker Wotherspoon,PIT,D,188,3,0.7849,0.8009,7.3,6.8,6.9,6.7,8.7,8.5,7.4,7.4,7.9,7.2,4.6,4.8,8.1,8.1,5.0,4.6,,0.1378,0.2998,0.2188,0.2998,RISING
Simon Edvinsson,DET,D,175,2,0.7785,0.7629,7.2,7.2,6.7,6.7,7.6,7.3,6.7,6.6,7.6,6.9,3.7,3.9,8.3,8.3,5.0,4.7,,,0.045,0.045,0.045,STABLE
Declan Carlile,TBL,D,46,1,0.7649,0.7477,6.4,7.6,5.9,6.6,7.0,6.9,3.6,3.8,7.8,7.9,6.5,6.4,6.5,7.0,4.2,4.8,,,,,,
Dante Fabbro,CBJ,D,277,4,0.7876,0.7579,7.6,6.9,7.1,6.6,8.2,8.1,4.5,4.8,8.4,8.1,6.7,6.7,8.5,8.6,6.5,6.4,0.1267,-0.1067,-0.1275,-0.0358,-0.1275,DECLINING
Patrik Nemeth,UTA,D,75,1,0.8013,0.8389,7.9,6.0,7.7,6.6,5.1,5.2,5.4,5.4,6.6,7.0,6.4,6.2,6.5,6.7,6.2,6.1,,,,,,
Nicolas Hague,NSH,D,285,4,0.7889,0.7595,7.7,6.8,7.1,6.6,8.4,8.3,4.8,5.0,7.8,7.6,6.6,6.6,7.1,7.2,5.3,5.1,0.0391,-0.0889,0.0089,-0.0136,0.0089,STABLE
John Klingberg,SJS,D,147,2,0.7907,0.7658,7.8,6.8,7.3,6.6,8.7,8.7,6.1,6.5,5.9,5.2,4.7,4.9,6.4,6.5,4.8,4.5,,,,,,
Nils Lundkvist,DAL,D,210,4,0.7847,0.7441,7.6,7.1,7.0,6.6,7.5,7.6,6.0,6.2,7.6,8.0,5.7,5.6,8.0,8.3,5.7,5.9,0.1212,-0.0853,-0.2642,-0.0761,-0.2642,DECLINING
Brett Kulak,COL,D,328,4,0.7818,0.767,7.3,7.0,6.8,6.6,9.8,9.9,6.4,6.8,8.2,7.6,6.4,6.5,8.3,8.3,5.5,5.3,0.0828,-0.138,-0.1893,-0.0815,-0.1893,DECLINING
Connor Clifton,PIT,D,280,4,0.7808,0.8013,6.9,6.7,6.6,6.6,7.3,7.5,6.4,6.7,7.0,7.1,3.4,3.5,7.6,7.7,4.6,4.5,0.1502,-0.4468,-0.0643,-0.1203,-0.0643,DECLINING
Drew Helleson,ANA,D,119,2,0.7683,0.7592,6.5,7.4,6.0,6.6,6.1,5.9,4.6,4.5,5.8,5.7,3.3,3.5,6.8,7.0,4.5,4.4,,,0.0403,0.0403,0.0403,STABLE
Darnell Nurse,EDM,D,320,4,0.7902,0.7502,7.9,6.9,7.3,6.6,9.3,9.1,5.7,5.8,9.5,8.7,6.9,7.0,8.9,8.8,6.1,5.8,0.0463,0.0427,-0.1156,-0.0089,-0.1156,DECLINING
Wyatt Kaiser,CHI,D,175,3,0.7837,0.6792,7.9,7.5,7.0,6.6,6.8,6.4,9.8,9.2,6.6,6.4,2.4,2.6,7.0,7.1,1.9,1.6,,-0.1263,0.1108,-0.0077,0.1108,RISING
Matthew Kessel,STL,D,99,3,0.7779,0.8411,6.5,6.6,6.4,6.6,7.2,6.9,7.2,7.0,5.5,5.4,2.3,2.5,6.4,6.4,3.5,3.2,,-0.0618,0.0632,0.0007,0.0632,RISING
Luke Hughes,NJD,D,223,3,0.7829,0.7838,7.2,6.9,6.8,6.6,7.7,7.4,5.7,5.6,7.5,6.8,5.9,6.0,8.0,8.0,6.2,5.8,,-0.2871,0.02,-0.1335,0.02,STABLE
John Carlson,ANA,D,271,4,0.7898,0.7531,7.8,6.9,7.2,6.6,8.5,8.3,4.8,4.9,8.2,7.5,5.5,5.6,8.8,8.7,6.0,5.7,0.0616,0.0434,0.0407,0.0486,0.0407,STABLE
Ryker Evans,SEA,D,175,3,0.7766,0.7953,6.6,6.8,6.3,6.5,8.1,7.9,5.2,5.3,8.2,7.7,6.2,6.2,6.9,7.0,5.1,5.0,,0.3077,-0.5781,-0.1352,-0.5781,DECLINING
Vladislav Gavrikov,NYR,D,313,4,0.7895,0.7674,7.6,6.7,7.1,6.5,8.7,8.4,4.8,4.8,7.9,7.0,5.3,5.5,8.1,8.1,5.2,4.9,0.1282,-0.1237,0.0702,0.0249,0.0702,RISING
Brian Dumoulin,LAK,D,323,4,0.7864,0.7437,7.5,6.9,6.9,6.5,8.6,8.4,6.7,6.8,7.5,7.0,4.9,5.0,8.3,8.3,5.0,4.8,-0.0272,-0.0716,-0.2528,-0.1172,-0.2528,DECLINING
Joshua Mahura,SEA,D,199,4,0.7819,0.7501,7.2,7.0,6.7,6.5,5.6,5.6,4.1,4.2,7.2,7.7,6.0,5.8,7.9,8.1,5.6,5.7,0.0109,0.2215,-0.4848,-0.0841,-0.4848,DECLINING
Miro Heiskanen,DAL,D,277,4,0.804,0.7402,8.6,6.5,7.9,6.5,8.3,7.7,7.0,6.5,8.4,7.2,5.3,5.6,8.6,8.4,5.6,5.1,0.2647,-0.151,0.0452,0.053,0.0452,STABLE
Zach Whitecloud,CGY,D,272,4,0.7833,0.8228,6.8,6.5,6.6,6.5,8.3,8.1,4.5,4.7,8.7,8.6,6.1,6.1,8.2,8.3,4.8,4.6,-0.0568,0.0703,-0.2087,-0.0651,-0.2087,DECLINING
Erik Gustafsson,DET,D,208,3,0.7932,0.7375,8.0,6.8,7.3,6.5,6.8,6.7,6.4,6.3,6.6,6.3,4.6,4.6,7.1,7.1,4.6,4.2,0.1092,-0.2398,,-0.0653,-0.2398,DECLINING
Ryan Graves,PIT,D,231,4,0.7903,0.7603,7.7,6.7,7.1,6.5,8.7,8.8,6.4,6.7,7.3,7.1,5.1,5.2,7.9,8.0,5.3,5.1,0.0582,-0.0915,-0.5847,-0.206,-0.5847,DECLINING
Brendan Smith,CBJ,D,170,3,0.7878,0.7789,7.4,6.6,7.0,6.5,7.1,7.2,4.8,5.1,8.2,8.2,5.4,5.4,8.1,8.2,5.3,5.1,-0.0436,-0.3456,,-0.1946,-0.3456,DECLINING
Mason Lohrei,BOS,D,191,3,0.78,0.7987,6.8,6.7,6.5,6.5,7.2,7.0,7.1,6.9,6.9,6.6,3.2,3.3,7.2,7.3,3.8,3.5,,-0.1652,-0.0886,-0.1269,-0.0886,DECLINING
Daniil Miromanov,CGY,D,83,2,0.7873,0.8836,6.6,5.9,6.7,6.5,6.5,6.1,2.9,2.8,5.5,4.1,2.7,3.2,7.7,7.6,5.7,5.0,,0.1842,,0.1842,0.1842,RISING
Luke Schenn,BUF,D,259,4,0.7858,0.7528,7.5,6.9,6.9,6.5,8.0,8.0,6.6,6.8,5.2,5.0,3.8,4.0,6.7,6.8,4.5,4.2,-0.1093,0.0529,-0.3592,-0.1385,-0.3592,DECLINING
Colton White,NJD,D,69,2,0.7885,0.6986,7.9,7.0,7.0,6.4,4.6,4.9,6.6,6.7,5.6,5.7,0.6,0.8,5.8,6.1,1.3,1.4,,,,,,
Jakob Chychrun,WSH,D,284,4,0.7876,0.7836,7.2,6.5,6.8,6.4,9.0,8.9,5.8,6.0,8.3,7.9,5.8,5.8,8.3,8.3,6.2,5.9,0.1897,-0.1117,-0.1297,-0.0173,-0.1297,DECLINING
Nick Blankenburg,COL,D,168,3,0.7855,0.7972,7.0,6.5,6.7,6.4,6.4,6.2,3.6,3.7,5.9,6.1,4.6,4.6,7.1,7.3,5.0,4.9,,,-0.0876,-0.0876,-0.0876,DECLINING
Mikey Anderson,LAK,D,307,4,0.792,0.7889,7.4,6.3,7.1,6.4,8.3,8.0,3.6,3.8,9.0,8.4,9.1,9.0,8.9,8.9,7.9,7.8,0.2489,-0.1914,0.0142,0.0239,0.0142,STABLE
Axel Sandin-Pellikka,DET,D,68,1,0.7722,0.7693,6.5,7.0,6.0,6.4,5.1,4.7,4.4,4.1,6.4,5.6,3.2,3.5,6.0,6.2,3.9,3.8,,,,,,
Ilya Lyubushkin,DAL,D,275,4,0.7892,0.7086,7.9,7.0,7.1,6.4,7.4,7.1,7.4,7.1,6.3,6.2,4.1,4.2,7.5,7.6,4.6,4.4,0.1865,-0.1459,-0.4801,-0.1465,-0.4801,DECLINING
Seth Jones,FLA,D,254,4,0.8001,0.7549,8.1,6.3,7.5,6.4,7.9,7.5,7.7,7.4,7.2,6.3,4.3,4.5,7.7,7.5,4.5,3.9,0.1693,-0.1256,-0.1831,-0.0465,-0.1831,DECLINING
Thomas Chabot,OTT,D,256,4,0.7869,0.7427,7.5,6.8,6.9,6.4,8.3,8.3,6.9,7.1,8.3,8.5,4.9,4.8,8.6,8.7,5.9,5.9,0.0536,-0.215,0.1266,-0.0116,0.1266,RISING
Olen Zellweger,ANA,D,164,3,0.7703,0.7853,6.2,7.0,5.9,6.4,7.0,6.9,6.0,5.9,7.8,7.3,4.5,4.6,7.6,7.8,5.1,5.1,,-0.2116,0.153,-0.0293,0.153,RISING
Alexandre Carrier,MTL,D,268,4,0.7896,0.7442,7.6,6.7,7.0,6.3,8.4,8.3,4.6,4.8,7.9,7.4,6.0,6.1,8.5,8.6,6.0,5.8,0.1296,-0.1853,-0.0408,-0.0322,-0.0408,STABLE
Logan Stanley,BUF,D,183,3,0.7724,0.7694,6.4,6.9,5.9,6.3,6.7,6.5,6.2,6.0,6.4,6.4,3.5,3.6,5.9,6.1,3.5,3.4,,-0.231,-0.0835,-0.1572,-0.0835,DECLINING
Cale Fleury,SEA,D,49,1,0.7771,0.7925,6.5,6.7,6.2,6.3,6.6,6.6,6.0,6.0,7.3,8.3,4.9,4.7,7.2,7.5,5.0,5.1,,,,,,
Dmitri Simashev,UTA,D,27,1,0.7759,0.882,5.7,6.0,5.9,6.3,5.3,4.9,2.5,2.3,4.2,3.8,5.9,6.0,5.3,5.6,5.4,5.4,,,,,,
Colin Miller,WPG,D,202,3,0.7889,0.7421,7.5,6.7,6.9,6.3,6.9,6.9,6.0,6.0,6.3,6.2,4.4,4.5,7.3,7.4,4.3,4.1,0.1295,-0.0585,,0.0355,-0.0585,DECLINING
Alexander Alexeyev,WSH,D,79,2,0.7931,0.7096,8.0,6.8,7.2,6.3,7.6,7.7,6.2,6.4,5.9,6.3,3.6,3.6,4.8,5.1,3.1,3.0,0.2294,,,0.2294,,
Albert Johansson,DET,D,143,2,0.7716,0.7159,6.6,7.2,5.9,6.3,6.0,5.7,6.2,5.8,5.6,4.7,3.4,3.7,6.9,7.0,4.2,3.8,,,-0.0288,-0.0288,-0.0288,STABLE
Nick Holden,OTT,D,65,1,0.8001,0.8149,7.6,5.9,7.3,6.3,4.5,4.5,3.9,3.9,5.6,5.9,4.1,4.1,7.0,7.2,4.9,4.8,,,,,,
Zach Werenski,CBJ,D,239,3,0.7898,0.7912,7.2,6.3,6.9,6.3,9.2,8.9,5.8,5.9,9.3,8.5,6.2,6.4,8.6,8.5,5.8,5.3,,-0.1318,-0.1078,-0.1198,-0.1078,DECLINING
Jeremy Lauzon,VGK,D,242,4,0.7937,0.7858,7.5,6.3,7.1,6.3,7.9,7.9,5.0,5.3,7.9,7.6,5.9,5.9,7.9,8.0,6.0,5.9,0.2926,-0.5999,0.3258,0.0062,0.3258,RISING
Drew Doughty,LAK,D,264,4,0.7979,0.7363,8.1,6.5,7.4,6.3,8.8,8.5,5.2,5.3,9.7,8.7,8.1,8.2,9.3,9.2,7.6,7.3,0.2251,-0.118,-0.0284,0.0263,-0.0284,STABLE
Dylan Coghlan,VGK,D,27,0,0.7756,0.7638,6.5,6.8,6.1,6.2,3.6,2.8,3.1,2.3,2.7,2.6,4.3,4.4,4.2,4.4,4.0,3.9,,,,,,
Erik Gudbranson,CBJ,D,201,3,0.7939,0.6943,8.1,6.8,7.2,6.2,8.0,7.9,6.8,6.9,5.9,5.5,2.4,2.7,6.9,7.0,3.0,2.6,0.0411,,,0.0411,,
Charle-Edouard D'Astous,TBL,D,70,1,0.7715,0.7217,6.5,7.1,5.9,6.2,5.7,5.2,5.7,5.3,6.3,5.8,4.4,4.6,6.2,6.5,4.8,4.9,,,,,,
Ty Emberson,EDM,D,177,3,0.7706,0.7626,6.2,6.9,5.7,6.2,6.4,6.4,1.8,2.1,6.9,7.0,5.8,5.8,7.4,7.6,5.5,5.5,,0.1008,-0.0257,0.0375,-0.0257,STABLE
Jordan Oesterle,NSH,D,112,3,0.7918,0.7841,7.3,6.2,6.9,6.2,6.5,6.5,6.8,6.8,5.9,6.0,2.8,2.9,7.1,7.3,4.1,4.0,-0.1386,-0.0191,,-0.0789,-0.0191,STABLE
Marcus Pettersson,VAN,D,309,4,0.7898,0.7606,7.4,6.4,6.8,6.2,8.5,8.3,6.1,6.2,8.1,7.3,5.1,5.3,7.9,7.9,5.0,4.6,0.1225,-0.0718,-0.088,-0.0124,-0.088,DECLINING
Jake Walman,EDM,D,243,4,0.7925,0.7803,7.4,6.2,6.9,6.2,8.2,7.8,4.7,4.7,7.8,6.9,5.5,5.7,8.6,8.5,6.0,5.6,-0.023,-0.0142,-0.1221,-0.0531,-0.1221,DECLINING
Justin Barron,NSH,D,200,4,0.7904,0.6988,7.8,6.8,6.9,6.2,8.5,8.4,5.8,6.0,7.1,6.5,4.1,4.3,8.0,8.0,4.7,4.5,0.3145,-0.2278,-0.0244,0.0208,-0.0244,STABLE
Marco Scandella,STL,D,85,2,0.7873,0.8035,6.9,6.2,6.6,6.2,5.9,6.1,7.1,7.1,4.3,4.5,1.9,2.0,6.1,6.4,3.2,3.1,,,,,,
TJ Brodie,CHI,D,190,3,0.8002,0.75,7.8,6.1,7.2,6.1,7.7,7.4,8.5,8.2,6.8,6.1,2.6,2.9,8.1,7.9,3.9,3.3,-0.2318,-0.2672,,-0.2495,-0.2672,DECLINING
Tyson Barrie,CGY,D,139,2,0.805,0.7413,8.3,6.1,7.6,6.1,6.8,7.0,3.7,4.1,7.1,7.2,4.6,4.6,6.9,7.0,4.5,4.3,0.0918,,,0.0918,,
Tobias Bjornfot,FLA,D,47,0,0.7649,0.764,5.7,6.9,5.3,6.1,6.7,6.9,4.9,5.2,6.6,6.7,6.4,6.3,7.1,7.4,5.6,5.9,,,,,,
Justin Holl,STL,D,199,3,0.7909,0.8225,6.8,5.8,6.6,6.1,6.0,5.9,6.2,6.0,6.7,6.4,3.9,4.0,7.3,7.3,4.4,4.0,-0.2314,0.0834,,-0.074,0.0834,RISING
Martin Fehérváry,WSH,D,295,4,0.7901,0.7549,7.3,6.3,6.7,6.1,9.0,9.0,5.3,5.7,7.3,7.1,5.5,5.5,8.3,8.4,5.9,5.8,0.0189,0.0787,-0.0658,0.0106,-0.0658,DECLINING
Matt Benning,TOR,D,99,1,0.8043,0.8199,7.7,5.6,7.4,6.1,5.3,5.2,5.0,4.9,4.0,3.8,1.8,2.0,6.3,6.4,3.7,3.4,,,,,,
Jaycob Megna,VGK,D,110,2,0.7972,0.7603,7.6,6.1,7.1,6.1,5.0,5.2,5.2,5.3,5.6,6.0,4.0,3.9,7.0,7.2,3.7,3.7,-0.0098,,,-0.0098,,
Jonathan Aspirot,BOS,D,61,1,0.7688,0.8703,5.2,6.1,5.4,6.1,5.8,5.5,6.0,5.6,5.3,4.4,3.6,3.9,5.5,5.7,4.4,4.3,,,,,,
Alec Martinez,CHI,D,176,3,0.8013,0.8051,7.5,5.7,7.2,6.1,8.5,8.4,3.4,3.8,8.3,7.5,6.8,6.9,7.9,7.8,5.3,4.8,-0.0592,-0.2558,,-0.1575,-0.2558,DECLINING
Ryan Shea,PIT,D,150,3,0.7701,0.6689,6.6,7.4,5.7,6.0,6.7,6.9,5.7,5.9,7.1,7.3,3.5,3.5,8.0,8.3,4.5,4.8,,0.0877,0.2504,0.169,0.2504,RISING
Philippe Myers,TOR,D,91,2,0.7685,0.7751,5.7,6.7,5.4,6.0,6.0,6.0,5.9,5.9,3.0,3.2,2.8,2.9,4.7,5.0,3.8,3.7,,,0.0068,0.0068,0.0068,STABLE
Kale Clague,BUF,D,36,1,0.7896,0.8168,6.7,5.8,6.5,6.0,2.0,1.3,2.4,1.5,4.8,4.9,2.5,2.6,5.7,6.0,4.1,4.0,,,,,,
Andrew Peeke,BOS,D,271,4,0.7849,0.7602,6.8,6.3,6.3,6.0,7.6,7.4,6.7,6.7,6.2,5.6,3.2,3.4,7.0,7.0,3.6,3.2,0.0012,-0.0169,0.1327,0.039,0.1327,RISING
Simon Nemec,NJD,D,155,3,0.7791,0.7659,6.4,6.4,6.0,6.0,8.3,8.1,6.8,6.7,7.5,6.8,5.3,5.5,6.7,6.7,4.9,4.5,,-0.1596,-0.0383,-0.099,-0.0383,STABLE
Ian Mitchell,BOS,D,63,1,0.791,0.729,7.4,6.4,6.7,6.0,3.2,3.4,5.0,4.9,5.8,6.3,2.7,2.7,6.0,6.1,2.9,2.6,,,,,,
Artyom Levshunov,CHI,D,86,1,0.7861,0.7551,7.0,6.4,6.4,6.0,5.2,4.7,7.0,6.3,4.8,4.2,2.9,3.2,4.8,4.9,2.8,2.3,,,,,,
Alexander Romanov,NYI,D,236,3,0.7924,0.8234,6.8,5.7,6.6,6.0,8.5,8.3,4.8,5.0,9.2,8.9,6.9,6.9,7.9,7.8,5.1,4.6,0.336,0.031,,0.1835,0.031,STABLE
Brayden Pachal,CGY,D,174,3,0.7747,0.7156,6.5,6.9,5.8,6.0,6.4,6.2,6.3,6.1,4.8,4.5,1.2,1.4,5.9,6.0,1.9,1.6,,0.0683,-0.2975,-0.1146,-0.2975,DECLINING
Ryan Johnson,BUF,D,47,1,0.7792,0.8049,6.2,6.2,6.0,6.0,9.7,10.0,8.0,8.6,5.9,6.5,3.2,3.2,5.0,5.3,4.0,4.0,,,,,,
Maxwell Crozier,TBL,D,53,1,0.7775,0.6859,6.9,7.1,6.1,6.0,9.5,9.7,9.4,9.7,8.3,8.7,4.8,4.7,7.1,7.4,3.6,3.9,,,,,,
Riley Stillman,EDM,D,59,1,0.7947,0.8173,6.9,5.6,6.7,5.9,4.0,3.8,4.7,4.4,4.7,5.0,2.8,2.9,6.2,6.5,4.3,4.4,,,,,,
Radko Gudas,ANA,D,275,4,0.7832,0.7312,6.9,6.5,6.2,5.9,7.7,7.6,7.8,7.7,8.0,7.9,4.1,4.2,8.4,8.5,5.2,5.2,0.0288,0.0804,-0.0015,0.0359,-0.0015,STABLE
Jacob Bernard-Docker,DET,D,194,3,0.789,0.7502,7.0,6.2,6.4,5.9,7.6,7.4,6.6,6.5,6.9,6.3,4.3,4.5,7.3,7.3,5.0,4.6,,-0.2131,0.1546,-0.0292,0.1546,RISING
Simon Benoit,TOR,D,293,4,0.7833,0.8035,6.3,6.0,6.0,5.9,6.9,6.9,7.8,7.8,6.7,6.6,1.8,2.0,7.7,7.8,3.7,3.6,0.1679,-0.0025,-0.2532,-0.0293,-0.2532,DECLINING
Connor Mackey,NYR,D,36,1,0.8011,0.7937,7.4,5.6,7.0,5.9,3.7,3.9,8.5,8.2,3.6,4.7,0.0,0.0,4.6,4.9,0.0,0.0,,,,,,
Ilya Solovyov,PIT,D,45,1,0.7805,0.7454,6.6,6.5,6.0,5.9,6.4,6.0,5.3,4.9,7.4,6.7,3.4,3.6,6.4,6.4,4.2,3.8,,,,,,
Travis Hamonic,DET,D,208,4,0.7879,0.7912,6.7,5.9,6.3,5.9,6.4,6.2,5.4,5.3,5.8,5.7,4.3,4.4,7.6,7.7,5.9,5.7,-0.0965,-0.1556,-0.0413,-0.0978,-0.0413,STABLE
Jake Bean,CGY,D,166,2,0.7831,0.7643,6.5,6.1,6.0,5.8,7.9,7.8,7.1,7.2,5.3,5.2,1.0,1.2,6.9,7.1,2.7,2.5,,-0.1155,,-0.1155,-0.1155,DECLINING
Nick Jensen,OTT,D,287,4,0.7883,0.7433,6.9,6.2,6.4,5.8,7.7,7.8,5.3,5.6,7.6,7.6,5.7,5.6,8.2,8.3,6.1,6.0,0.015,-0.2095,0.0499,-0.0482,0.0499,STABLE
Alexander Edler,LAK,D,64,1,0.8034,0.7637,7.7,5.7,7.2,5.8,7.6,8.2,1.3,2.4,9.2,10.0,8.4,8.0,7.6,7.9,7.3,7.6,,,,,,
Victor Soderstrom,BOS,D,41,1,0.7953,0.7968,7.0,5.6,6.6,5.8,5.6,6.2,9.8,9.9,4.6,5.9,1.0,0.9,4.7,5.1,1.1,1.3,,,,,,
Kyle Burroughs,LAK,D,154,3,0.7931,0.7538,7.1,5.9,6.5,5.8,5.9,5.9,5.7,5.6,5.7,5.8,2.8,2.9,6.6,6.7,3.3,3.1,0.0242,-0.4925,,-0.2342,-0.4925,DECLINING
Oliver Kylington,ANA,D,52,1,0.7892,0.8014,6.5,5.7,6.2,5.8,5.2,4.7,5.1,4.6,5.0,4.5,1.9,2.2,5.6,5.7,3.7,3.3,,,,,,
Emil Lilleberg,TBL,D,163,3,0.7733,0.7842,5.7,6.2,5.4,5.7,6.3,6.3,6.1,6.1,6.0,6.0,4.8,4.8,7.0,7.2,4.7,4.6,,-0.3093,0.3325,0.0116,0.3325,RISING
Nikita Zaitsev,CHI,D,84,2,0.7925,0.715,7.3,6.2,6.6,5.7,5.6,5.7,8.0,7.9,6.2,6.7,2.5,2.5,6.9,7.1,2.6,2.6,0.1639,,,0.1639,,
Mario Ferraro,SJS,D,310,4,0.7874,0.7109,7.0,6.3,6.3,5.7,8.9,8.8,8.5,8.5,7.4,6.8,1.8,2.1,7.8,7.9,2.9,2.7,0.0903,-0.0408,-0.0438,0.0019,-0.0438,STABLE
Alec Regula,EDM,D,33,1,0.7627,0.7643,5.2,6.6,4.8,5.7,4.7,4.7,0.5,0.7,7.0,7.0,7.7,7.6,5.9,6.2,5.7,5.8,,,,,,
Cody Ceci,LAK,D,326,4,0.7942,0.7513,7.1,5.8,6.5,5.7,8.6,8.2,3.7,3.8,8.5,7.7,7.4,7.4,8.4,8.4,6.7,6.3,0.0686,-0.2036,-0.1383,-0.0911,-0.1383,DECLINING
Esa Lindell,DAL,D,326,4,0.8004,0.7327,7.6,5.9,7.0,5.7,7.8,7.1,6.4,5.9,8.0,7.1,5.2,5.4,8.2,8.1,5.2,4.7,0.3773,-0.0628,0.0882,0.1342,0.0882,RISING
Samuel Bolduc,NYI,D,52,1,0.7828,0.8364,5.8,5.6,5.7,5.7,2.8,2.6,3.3,3.0,6.0,5.9,5.8,5.8,5.3,5.5,4.6,4.2,,,,,,
Tyler Kleven,OTT,D,166,2,0.7687,0.6786,6.1,7.0,5.3,5.7,6.2,6.3,7.8,7.8,7.3,7.7,3.6,3.5,8.0,8.2,4.7,4.9,,,0.1713,0.1713,0.1713,RISING
Caleb Jones,PIT,D,111,2,0.798,0.7005,7.7,6.1,6.8,5.7,6.6,6.9,9.0,9.1,6.2,6.6,3.2,3.2,6.8,7.1,3.1,3.1,,,,,,
Kris Letang,PIT,D,294,4,0.7933,0.7236,7.1,6.0,6.5,5.6,8.6,8.4,6.0,6.1,8.0,7.2,4.5,4.7,8.1,8.0,5.1,4.7,0.0853,-0.1945,-0.0535,-0.0542,-0.0535,DECLINING
Mike Matheson,MTL,D,288,4,0.7953,0.7176,7.3,5.9,6.5,5.6,9.2,9.0,5.0,5.3,7.7,7.0,5.2,5.3,7.9,7.8,5.0,4.5,0.0486,-0.0562,0.1118,0.0347,0.1118,RISING
Matthew Robertson,NYR,D,74,1,0.769,0.7084,5.9,6.7,5.2,5.6,7.8,7.7,7.8,7.8,7.8,7.7,4.5,4.6,6.8,7.1,3.6,3.8,,,,,,
Robert Hagg,VGK,D,45,1,0.7918,0.7114,7.1,6.0,6.4,5.6,2.5,2.8,5.1,5.1,3.5,4.2,2.0,2.0,5.7,5.9,2.3,2.1,,,,,,
Kaiden Guhle,MTL,D,208,4,0.7929,0.7034,7.2,6.1,6.4,5.6,8.1,7.9,4.0,4.2,7.5,7.2,4.9,4.9,8.2,8.2,4.9,4.7,0.1143,-0.0623,-0.2238,-0.0573,-0.2238,DECLINING
Hunter Brzustewicz,CGY,D,34,1,0.761,0.7775,4.8,6.3,4.5,5.5,6.2,5.8,6.2,5.8,5.5,4.9,1.8,2.1,5.2,5.6,2.8,2.8,,,,,,
Zayne Parekh,CGY,D,37,1,0.772,0.7396,5.7,6.3,5.2,5.5,6.1,5.4,6.2,5.5,6.5,5.2,1.3,1.8,5.9,6.0,2.3,1.9,,,,,,
Henry Thrun,TOR,D,124,2,0.7822,0.7184,6.4,6.2,5.8,5.5,7.2,6.8,7.2,6.9,4.2,3.6,2.1,2.5,6.1,6.1,3.4,2.9,,-0.2828,,-0.2828,-0.2828,DECLINING
Dennis Gilbert,OTT,D,94,3,0.7813,0.7926,5.8,5.7,5.6,5.5,4.0,3.8,6.1,5.6,4.7,5.0,1.8,1.9,6.6,6.8,3.7,3.7,0.1993,-0.6336,,-0.2172,-0.6336,DECLINING
Pierre-Olivier Joseph,VAN,D,205,4,0.7873,0.678,6.8,6.2,6.0,5.4,8.0,8.0,7.1,7.3,5.7,5.4,3.5,3.7,7.1,7.2,3.9,3.6,-0.1283,0.0504,0.1061,0.0094,0.1061,RISING
Jack St. Ivany,PIT,D,53,1,0.7683,0.6985,5.6,6.6,4.9,5.4,4.9,4.8,3.9,3.8,3.7,3.8,3.6,3.7,6.4,6.6,4.5,4.5,,,,,,
Lane Hutson,MTL,D,166,2,0.7781,0.6832,6.2,6.3,5.4,5.3,8.5,8.3,4.6,4.9,7.8,7.5,5.2,5.2,7.7,7.7,4.4,4.0,,,0.074,0.074,0.074,RISING
Johnathan Kovacevic,NJD,D,254,4,0.7921,0.7135,6.8,5.7,6.1,5.3,8.0,8.0,4.9,5.1,6.7,6.3,5.0,5.1,7.8,7.8,4.4,4.0,-0.2012,0.3091,-0.27,-0.054,-0.27,DECLINING
Adam Wilsby,NSH,D,80,2,0.7727,0.7858,5.2,5.8,4.9,5.3,7.6,7.3,5.3,5.2,6.0,5.6,3.6,3.8,6.6,6.8,4.8,4.6,,,0.3298,0.3298,0.3298,RISING
Kyle Capobianco,DAL,D,48,1,0.782,0.6282,6.9,6.6,5.8,5.3,6.1,6.6,7.3,7.7,5.9,6.8,4.5,4.3,6.1,6.8,2.8,3.5,,,,,,
Kevin Korchinski,CHI,D,105,1,0.7932,0.7149,6.8,5.6,6.1,5.2,5.8,5.3,9.3,8.5,6.0,5.3,1.8,2.2,5.9,5.9,2.4,1.9,,,,,,
Dennis Cholowski,NJD,D,58,1,0.7694,0.7596,5.0,5.9,4.6,5.2,5.6,5.7,4.4,4.5,7.0,6.8,5.9,5.9,5.7,5.8,4.0,3.7,,,,,,
Gavin Bayreuther,CBJ,D,51,1,0.7952,0.7299,6.8,5.5,6.2,5.2,7.9,8.0,10.0,10.0,4.3,4.6,1.3,1.4,4.1,4.4,1.1,1.0,,,,,,
Tom Willander,VAN,D,69,1,0.7783,0.7268,5.8,5.9,5.3,5.2,6.4,5.9,3.6,3.3,4.9,3.8,4.4,4.8,5.9,6.1,2.8,2.6,,,,,,
Alex Vlasic,CHI,D,245,3,0.797,0.7056,7.1,5.6,6.3,5.2,6.9,6.2,8.6,7.7,7.2,6.1,3.0,3.3,7.7,7.5,3.1,2.5,,-0.1919,-0.1367,-0.1643,-0.1367,DECLINING
Thomas Harley,DAL,D,233,3,0.7964,0.7636,6.6,5.2,6.2,5.2,8.2,7.3,6.8,6.1,8.0,6.8,5.1,5.4,8.2,8.0,5.3,4.7,,-0.16,-0.1854,-0.1727,-0.1854,DECLINING
Louis Crevier,CHI,D,134,3,0.7903,0.7041,6.6,5.7,5.9,5.2,6.5,5.6,8.3,7.3,6.1,4.6,3.1,3.5,6.9,6.8,3.3,2.7,,-0.1629,0.1423,-0.0103,0.1423,RISING
Haydn Fleury,WPG,D,129,4,0.7734,0.7961,5.0,5.6,4.8,5.2,6.3,6.1,5.8,5.6,5.1,4.9,3.7,3.9,6.2,6.4,4.3,4.1,0.1525,0.1142,-0.4134,-0.0489,-0.4134,DECLINING
Andreas Englund,NSH,D,167,3,0.791,0.7457,6.4,5.4,5.9,5.2,7.0,7.2,5.9,6.1,5.4,5.6,3.7,3.7,7.0,7.2,4.5,4.5,0.691,-0.599,,0.046,-0.599,DECLINING
Braden Schneider,NYR,D,325,4,0.7846,0.6877,6.3,5.9,5.5,5.1,7.2,7.1,7.7,7.6,7.3,7.1,4.0,4.1,7.0,7.1,3.3,3.1,0.1591,-0.5631,0.1747,-0.0764,0.1747,RISING
Shakir Mukhamadullin,SJS,D,83,2,0.7714,0.7169,5.3,6.0,4.7,5.1,8.1,8.2,4.3,4.8,4.7,5.4,3.6,3.5,6.3,6.7,3.7,4.1,,,0.2251,0.2251,0.2251,RISING
David Savard,MTL,D,197,3,0.796,0.6575,7.1,5.7,6.1,5.0,8.6,8.6,4.9,5.3,7.1,6.9,4.9,5.0,7.4,7.3,4.3,3.9,0.0797,-0.3465,,-0.1334,-0.3465,DECLINING
Marcus Bjork,CBJ,D,33,1,0.8038,0.709,7.2,5.2,6.5,5.0,6.5,6.6,4.5,4.7,3.5,2.7,2.2,2.6,4.5,4.6,2.0,1.5,,,,,,
Kurtis MacDermid,OTT,D,131,2,0.7747,0.732,5.3,5.7,4.8,5.0,7.3,8.3,6.2,7.3,4.7,6.7,3.5,3.1,6.7,7.2,4.7,5.4,,,,,,
Guillaume Brisebois,VAN,D,20,0,0.8044,0.8495,6.2,4.2,6.2,5.0,0.9,1.0,1.1,1.0,1.1,2.1,2.5,2.4,5.1,5.4,4.1,4.1,,,,,,
Arber Xhekaj,MTL,D,230,4,0.7807,0.6817,5.9,5.8,5.1,4.9,8.0,8.2,5.2,5.7,7.4,7.6,3.8,3.8,7.6,7.7,3.6,3.4,0.1946,-0.299,0.278,0.0579,0.278,RISING
Jack Johnson,CBJ,D,204,3,0.7888,0.7513,5.9,5.1,5.4,4.9,6.5,6.7,4.8,5.2,8.0,8.5,4.3,4.2,7.9,8.1,4.9,5.0,0.2119,-0.4163,,-0.1022,-0.4163,DECLINING
Matt Kiersted,MIN,D,28,1,0.786,0.8797,4.8,4.3,5.0,4.9,1.9,1.9,2.1,1.9,5.6,6.0,4.3,4.2,5.7,6.1,5.2,5.3,,,,,,
Victor Mancini,VAN,D,55,2,0.7572,0.7184,4.2,6.1,3.7,4.8,5.4,5.2,5.4,5.2,4.7,4.4,3.3,3.5,4.4,4.8,1.8,1.9,,,-0.1407,-0.1407,-0.1407,DECLINING
Jan Rutta,SJS,D,180,3,0.7962,0.6798,6.7,5.3,5.8,4.8,7.0,6.9,6.0,6.0,5.7,5.3,1.5,1.7,7.0,7.0,2.8,2.4,0.0035,-0.2258,,-0.1111,-0.2258,DECLINING
Nathan Beaulieu,ANA,D,52,1,0.8037,0.7917,6.4,4.4,6.1,4.8,5.4,6.0,8.9,9.2,2.8,3.8,0.0,0.0,4.8,5.2,0.4,0.5,,,,,,
Connor Murphy,EDM,D,273,4,0.7978,0.6626,6.9,5.4,6.0,4.8,6.6,6.2,9.2,8.5,6.6,5.9,2.2,2.5,7.2,7.2,2.4,1.8,0.2369,-0.06,0.0621,0.0797,0.0621,RISING
Jake Christiansen,CBJ,D,144,3,0.7767,0.7671,5.0,5.2,4.6,4.8,5.7,5.7,2.6,2.7,4.6,4.3,4.4,4.6,6.1,6.2,4.1,3.8,,,0.1712,0.1712,0.1712,RISING
Vincent Iorio,NYR,D,36,1,0.7752,0.7217,5.1,5.5,4.6,4.7,6.9,6.4,3.7,3.5,4.1,3.2,4.0,4.4,2.5,2.7,1.0,0.6,,,,,,
Jayden Struble,MTL,D,171,3,0.7762,0.6645,5.5,5.8,4.7,4.7,7.8,7.9,3.9,4.4,7.1,7.4,5.0,5.0,6.5,6.7,4.1,3.9,,-0.1127,0.2584,0.0729,0.2584,RISING
Zach Metsa,BUF,D,43,1,0.7683,0.7909,4.2,5.2,4.0,4.7,5.7,5.6,5.0,4.9,7.6,7.0,4.1,4.3,5.4,5.7,3.9,3.8,,,,,,
Nikolas Matinpalo,OTT,D,95,2,0.7575,0.65,4.6,6.4,3.7,4.7,4.4,4.5,6.5,6.3,5.7,6.6,3.9,3.8,6.9,7.3,4.9,5.2,,,-0.0507,-0.0507,-0.0507,DECLINING
Nikita Okhotiuk,CGY,D,62,1,0.7875,0.7441,5.7,5.0,5.2,4.7,5.3,5.1,6.9,6.5,5.1,4.6,1.7,2.0,4.9,5.1,2.2,1.9,,,,,,
Donovan Sebrango,FLA,D,44,1,0.7535,0.7626,3.5,5.8,3.3,4.7,7.4,7.2,7.2,7.1,8.0,7.2,5.0,5.2,6.0,6.3,4.4,4.5,,,,,,
Sam Rinzel,CHI,D,63,1,0.7862,0.7408,5.5,5.0,5.0,4.6,5.6,4.7,7.5,6.4,8.7,7.9,3.8,4.0,7.5,7.6,3.7,3.4,,,,,,
Gustav Lindstrom,ANA,D,82,2,0.7904,0.6907,6.1,5.2,5.3,4.6,5.7,5.8,8.8,8.6,6.0,6.3,1.5,1.6,6.0,6.3,2.5,2.5,0.1548,,,0.1548,,
Tim Berni,CBJ,D,59,1,0.8047,0.7706,6.4,4.3,5.9,4.6,5.7,5.9,5.1,5.4,4.8,5.1,1.0,1.1,5.6,5.8,1.7,1.6,,,,,,
Scott Morrow,NYR,D,45,1,0.7752,0.6968,5.2,5.6,4.5,4.6,6.6,6.9,5.2,5.6,8.6,9.2,5.8,5.6,7.9,8.3,4.8,5.1,,,,,,
Scott Harrington,ANA,D,45,1,0.8184,0.8056,6.8,3.6,6.5,4.5,7.8,8.3,6.6,7.2,2.5,3.4,2.3,2.2,5.3,5.5,3.6,3.4,,,,,,
Jani Hakanpää,TOR,D,148,2,0.8019,0.7652,6.1,4.3,5.6,4.4,7.1,7.0,5.4,5.4,7.1,7.1,5.9,5.8,7.0,7.1,5.5,5.3,0.1692,,,0.1692,,
Urho Vaakanainen,NYR,D,176,4,0.7831,0.6968,5.5,5.2,4.8,4.4,5.7,5.3,5.8,5.3,6.5,5.9,3.9,4.1,7.0,7.1,3.7,3.3,0.382,-0.6527,0.2604,-0.0034,0.2604,RISING
Ben Harpur,NYR,D,42,1,0.7827,0.6908,5.5,5.3,4.8,4.4,6.5,6.8,5.6,6.0,5.4,6.5,4.5,4.3,4.0,4.5,2.5,2.7,,,,,,
Jarred Tinordi,CHI,D,96,2,0.8017,0.7106,6.3,4.5,5.6,4.3,6.2,6.0,9.2,8.8,4.9,4.3,1.6,1.9,5.6,5.6,1.8,1.3,0.4082,,,0.4082,,
Vladislav Kolyachonok,BOS,D,55,1,0.7749,0.7948,4.1,4.6,3.9,4.2,4.7,4.0,4.7,3.9,4.9,3.8,3.7,4.1,4.8,5.0,3.4,3.1,,,,,,
Cal Foote,NJD,D,54,1,0.7913,0.7375,5.3,4.4,4.8,4.1,8.0,8.4,7.2,7.8,6.5,7.4,3.9,3.7,5.9,6.2,4.1,4.2,,,,,,
Maveric Lamoureux,UTA,D,20,0,0.7765,0.8464,3.5,3.9,3.7,4.0,6.0,5.2,1.9,1.4,4.5,4.4,6.0,6.0,4.9,5.0,4.6,4.0,,,,,,
Isaak Phillips,WPG,D,55,1,0.8087,0.708,6.4,4.0,5.7,4.0,5.5,5.4,8.0,7.6,3.8,3.6,1.4,1.7,4.3,4.5,1.2,0.8,,,,,,
Chris Wideman,MTL,D,46,1,0.7963,0.6472,5.8,4.5,4.9,3.7,5.5,5.9,3.3,3.8,3.6,3.5,3.7,3.8,4.6,4.6,3.2,2.5,,,,,,
Jordan Harris,BOS,D,162,3,0.8055,0.6671,6.2,4.1,5.3,3.7,8.5,8.6,6.2,6.6,7.6,7.2,3.7,3.9,6.7,6.6,3.8,3.2,-0.1693,-0.0911,,-0.1302,-0.0911,DECLINING
Casey Fitzgerald,FLA,D,27,1,0.787,0.8246,3.8,3.4,3.8,3.6,0.0,0.0,3.0,2.5,2.9,4.1,2.1,1.9,4.9,5.3,3.6,3.8,,,,,,
Matt Irwin,WSH,D,61,1,0.7945,0.7586,4.8,3.6,4.4,3.6,8.2,9.0,6.7,7.7,3.6,5.1,3.2,2.9,4.8,5.3,2.3,2.7,,,,,,
Isaiah George,NYI,D,37,1,0.779,0.8025,3.2,3.5,3.2,3.3,4.8,4.6,2.0,1.9,3.7,3.8,6.1,6.0,4.0,3.9,3.9,3.0,,,,,,
Chad Ruhwedel,NYR,D,104,2,0.7974,0.6742,4.9,3.6,4.2,3.1,6.4,6.6,6.1,6.3,7.2,7.2,2.7,2.7,7.3,7.4,3.7,3.4,-0.4206,,,-0.4206,,
Zac Jones,NYR,D,93,2,0.7801,0.6846,3.9,4.0,3.3,3.1,4.1,4.1,4.7,4.6,6.2,7.0,3.8,3.7,6.6,6.8,3.0,2.8,,-0.2729,,-0.2729,-0.2729,DECLINING
Jakub Zboril,BOS,D,22,1,0.8182,0.8041,5.3,2.2,5.1,3.1,7.1,8.4,6.1,7.5,1.9,4.5,4.0,3.4,4.0,4.3,4.0,4.0,,,,,,
Markus Niemelainen,EDM,D,23,1,0.8256,0.8533,5.3,1.6,5.3,3.0,1.9,1.9,0.0,0.0,0.6,0.6,5.7,5.8,0.0,0.0,2.5,1.4,,,,,,
Marc Del Gaizo,NSH,D,55,1,0.7798,0.7655,3.2,3.4,3.0,3.0,6.7,6.5,4.4,4.4,5.0,4.4,2.2,2.5,7.2,7.3,4.0,3.7,,,,,,
Radim Simek,SJS,D,44,1,0.8044,0.7332,4.7,2.7,4.2,2.8,5.3,6.0,4.2,4.9,7.3,8.2,1.7,1.6,6.7,7.0,2.8,2.9,,,,,,
Brad Hunt,COL,D,47,1,0.7898,0.7013,4.0,3.3,3.4,2.8,4.8,5.6,4.4,5.1,3.5,4.7,1.5,1.5,6.4,6.8,3.7,4.1,,,,,,
Jacob Moverare,LAK,D,90,2,0.7751,0.7732,2.6,3.2,2.4,2.7,7.3,7.4,4.2,4.7,7.6,7.7,6.3,6.2,7.9,8.2,5.9,6.0,,-0.0325,,-0.0325,-0.0325,STABLE
Owen Pickering,PIT,D,29,1,0.7605,0.7223,1.8,3.6,1.5,2.5,3.5,3.4,2.0,1.9,0.0,0.5,2.7,2.8,4.9,5.0,3.9,3.5,,,,,,
William Lagesson,DET,D,47,1,0.7881,0.7352,3.3,2.8,3.0,2.5,8.5,8.6,9.5,9.5,6.5,6.5,2.7,2.8,5.7,6.0,3.1,3.1,,,,,,
Ethan Del Mastro,CHI,D,45,1,0.7873,0.6905,3.6,3.2,3.0,2.5,4.1,3.3,7.0,5.8,5.3,4.6,2.3,2.6,6.3,6.2,2.2,1.7,,,,,,
Keaton Middleton,COL,D,44,1,0.7413,0.7684,0.0,3.5,0.0,2.1,6.2,7.0,2.9,3.9,1.8,3.5,3.9,3.5,6.3,6.9,5.5,6.3,,,,,,
Jack Thompson,SJS,D,34,1,0.7666,0.7561,1.6,2.9,1.4,2.1,6.1,5.9,5.3,5.1,5.3,5.8,1.3,1.4,8.1,8.1,3.9,3.6,,,,,,
Nikolai Knyzhov,SJS,D,22,0,0.8214,0.7481,4.5,1.2,4.1,1.9,6.3,5.8,6.7,6.2,3.0,1.8,2.4,2.8,4.2,4.0,2.7,1.7,,,,,,
Kevin Gravel,NSH,D,29,1,0.7882,0.6699,2.7,2.3,2.1,1.5,3.0,3.2,1.5,1.7,2.5,2.9,3.3,3.3,5.4,5.7,2.9,2.9,,,,,,
Ville Heinola,WPG,D,32,0,0.7815,0.7464,1.6,1.8,1.4,1.3,5.0,5.0,5.4,5.4,4.2,5.2,2.8,2.7,4.9,5.1,2.4,2.3,,,,,,
Lian Bichsel,DAL,D,88,2,0.7837,0.6388,1.1,1.0,0.4,0.0,5.2,4.3,6.5,5.4,7.9,7.2,5.5,5.6,7.3,7.3,3.6,3.3,,,-0.1387,-0.1387,-0.1387,DECLINING
Nolan Allan,CHI,D,43,1,0.7756,0.7432,1.0,1.6,0.8,1.0,3.2,2.8,3.6,3.0,1.1,1.5,2.4,2.5,2.9,3.0,2.5,2.0,,,,,,
Dylan McIlrath,WSH,D,39,0,0.7744,0.7407,0.7,1.5,0.6,0.9,2.9,2.5,0.7,0.3,2.7,2.2,3.1,3.3,3.2,3.5,2.2,1.9,,,,,,
Alexander Petrovic,DAL,D,60,1,0.783,0.4724,3.1,3.0,1.5,0.8,5.4,4.4,7.8,6.6,7.8,6.6,5.2,5.5,5.8,5.9,3.5,3.1,,,,,,
John Ludvig,COL,D,41,1,0.786,0.6815,1.7,1.5,1.2,0.7,4.8,4.8,3.9,3.9,4.6,4.3,3.5,3.7,5.3,5.3,4.0,3.4,,,,,,
Filip Roos,CHI,D,21,0,0.8142,0.7444,2.6,0.0,2.3,0.5,1.9,0.5,5.9,4.0,3.4,0.0,1.9,2.9,4.2,3.8,1.7,0.2,,,,,,
