player_name,player_id,team_2526,offensive_composite,defensive_score,twoway_composite,rush_against_per60,ci_confirmed,trend,total_toi_mins,sample_confidence
Phillip Danault,8476479,CHI,0.8005,0.6431,0.7375,23.9046,True,stable,8185.0333,High
Mikko Rantanen,8478420,DAL,0.6883,0.7705,0.7212,21.3240,True,rising,10143.4833,High
Jackson Blake,8482809,CAR,0.5041,1.0000,0.7025,16.6757,False,stable,2162.4333,Medium
Gabriel Landeskog,8476455,COL,0.6359,0.8022,0.7024,20.6825,False,rising,3478.3000,High
Nick Schmaltz,8477951,UTA,0.6924,0.7135,0.7008,22.4784,True,stable,7214.9333,High
Jared McCann,8477955,SEA,0.7190,0.6727,0.7005,23.3048,True,stable,6516.2500,High
Oskar Sundqvist,8476897,OTT,0.8294,0.5060,0.7000,26.6805,True,stable,4547.1333,High
Logan Stankoven,8482702,TOR,0.6102,0.8332,0.6994,20.0534,False,stable,2797.5333,Medium
Jack Hughes,8481559,WSH,0.6842,0.7143,0.6962,22.4621,False,stable,7217.5000,High
Ryan O'Reilly,8475158,NSH,0.7446,0.6225,0.6958,24.3213,True,rising,8404.9667,High
Jesperi Kotkaniemi,8480829,CAR,0.5666,0.8763,0.6905,19.1819,False,rising,6262.1500,High
Elias Pettersson,8480012,VAN,0.6507,0.7455,0.6886,21.8306,False,stable,7464.7500,High
Connor Zary,8482074,CGY,0.6362,0.7518,0.6825,21.7016,True,stable,2474.4667,Medium
Anthony Mantha,8477511,PIT,0.6525,0.7247,0.6814,22.2510,True,rising,4832.1333,High
Andrew Mangiapane,8478233,EDM,0.7164,0.6269,0.6806,24.2316,True,rising,6576.5333,High
Ryan Donato,8477987,CHI,0.6965,0.6555,0.6801,23.6521,True,declining,5687.4333,High
Morgan Geekie,8479987,BOS,0.7151,0.6275,0.6801,24.2196,True,stable,5630.9833,High
Dylan Strome,8478440,WSH,0.6749,0.6787,0.6764,23.1830,True,stable,7210.4500,High
Josh Anderson,8476981,MTL,0.7842,0.5044,0.6723,26.7122,True,stable,6603.7333,High
Andre Burakovsky,8477444,CHI,0.7101,0.6092,0.6698,24.5898,False,rising,5834.1167,High
Sam Bennett,8477935,FLA,0.6486,0.6976,0.6682,22.8004,False,stable,7747.2333,High
Connor McDavid,8478402,EDM,0.5929,0.7784,0.6671,21.1634,False,stable,10963.2500,High
James van Riemsdyk,8474037,DET,0.6899,0.6324,0.6669,24.1202,False,stable,5599.4500,High
J.T. Miller,8476468,NYR,0.7000,0.6142,0.6657,24.4890,False,rising,8435.6167,High
Andrei Svechnikov,8480830,TOR,0.5255,0.8749,0.6653,19.2088,False,stable,7374.7500,High
Gabriel Vilardi,8480014,WPG,0.6216,0.7292,0.6646,22.1608,False,stable,5536.8000,High
Valeri Nichushkin,8477501,COL,0.6605,0.6646,0.6621,23.4693,False,stable,6736.4667,High
Steven Stamkos,8474564,FLA,0.6866,0.6216,0.6606,24.3401,False,rising,8529.1333,High
Mark Stone,8475913,VGK,0.6318,0.6988,0.6586,22.7752,False,stable,6831.1167,High
Carter Verhaeghe,8477409,FLA,0.6123,0.7270,0.6582,22.2049,False,stable,8679.1667,High
Aleksander Barkov,8477493,FLA,0.6094,0.7313,0.6582,22.1176,False,stable,8428.5667,High
Nick Foligno,8473422,CHI,0.7243,0.5589,0.6581,25.6098,False,stable,5552.5667,High
Pavel Dorofeyev,8481604,NJD,0.5522,0.8152,0.6574,20.4175,False,declining,3264.8500,High
Joel Farabee,8480797,CGY,0.7203,0.5620,0.6570,25.5471,False,stable,6773.3667,High
Roope Hintz,8478449,SJS,0.6381,0.6846,0.6567,23.0631,False,stable,7552.3333,High
Mathew Barzal,8478445,NYI,0.6168,0.7128,0.6552,22.4928,False,stable,7330.3333,High
Sebastian Aho,8478427,CAR,0.5094,0.8719,0.6544,19.2692,False,stable,9412.9333,High
Mark Scheifele,8476460,WPG,0.6328,0.6863,0.6542,23.0298,False,stable,9009.1833,High
Jordan Eberle,8474586,SEA,0.5978,0.7384,0.6540,21.9743,False,rising,7194.7833,High
Pierre Engvall,8478115,NYI,0.6958,0.5907,0.6538,24.9645,False,stable,4737.1333,High
Nino Niederreiter,8475799,WPG,0.5868,0.7444,0.6499,21.8515,False,stable,6713.4833,High
Yanni Gourde,8476826,TBL,0.7067,0.5609,0.6484,25.5682,False,stable,7593.8167,High
Shane Pinto,8481596,OTT,0.6568,0.6320,0.6469,24.1285,False,stable,4299.4833,High
Alexis LafreniÃ¨re,8482109,NYR,0.6079,0.7052,0.6468,22.6469,False,stable,7487.1333,High
Jason Robertson,8480027,DAL,0.5554,0.7831,0.6465,21.0676,True,stable,8700.5833,High
Nazem Kadri,8475172,MIN,0.5771,0.7478,0.6454,21.7834,False,rising,7987.7500,High
Morgan Frost,8480028,CGY,0.6148,0.6859,0.6432,23.0368,False,stable,5295.0167,High
Alex Turcotte,8481532,LAK,0.5885,0.7251,0.6431,22.2439,False,stable,1453.8833,Low
Patrick Maroon,8474034,NYI,0.6983,0.5591,0.6426,25.6053,False,stable,4508.4333,High
Pius Suter,8480459,STL,0.6896,0.5660,0.6402,25.4645,False,rising,6644.5333,High
Leon Draisaitl,8477934,EDM,0.5994,0.6992,0.6393,22.7672,True,stable,10546.7500,High
Evgeni Malkin,8471215,PIT,0.5685,0.7448,0.6390,21.8435,False,rising,6273.7333,High
Brayden Point,8478010,TBL,0.5988,0.6987,0.6388,22.7771,False,stable,8756.1667,High
Seth Jarvis,8482093,CAR,0.4766,0.8811,0.6384,19.0830,False,stable,6954.8667,High
Luke Evangelista,8482146,NSH,0.5355,0.7926,0.6383,20.8767,False,declining,3328.1167,High
Anton Lundell,8482113,FLA,0.6358,0.6415,0.6381,23.9355,False,rising,6660.4000,High
Michael Bunting,8478047,NSH,0.5963,0.6966,0.6364,22.8209,False,declining,6104.9333,High
Alex Iafallo,8480113,BUF,0.5976,0.6920,0.6353,22.9142,False,rising,7085.5667,High
David Perron,8474102,OTT,0.5738,0.7271,0.6351,22.2032,False,rising,6204.5000,High
Jake Guentzel,8477404,TBL,0.6076,0.6752,0.6346,23.2535,False,stable,8852.8667,High
Danton Heinen,8478046,PIT,0.6688,0.5717,0.6300,25.3502,False,rising,4963.2667,High
Artturi Lehkonen,8477476,COL,0.6395,0.6142,0.6294,24.4884,False,stable,7102.9667,High
Vincent Trocheck,8476389,OTT,0.5799,0.7023,0.6289,22.7051,False,stable,9156.5333,High
Cole Perfetti,8482149,BUF,0.5162,0.7977,0.6288,20.7731,False,declining,4101.4500,High
Auston Matthews,8479318,TOR,0.5739,0.7085,0.6277,22.5794,False,rising,8766.4000,High
Vladislav Namestnikov,8476480,WPG,0.6471,0.5966,0.6269,24.8453,False,stable,6063.9167,High
Lucas Raymond,8482078,DET,0.5763,0.7025,0.6268,22.7017,False,declining,6699.9333,High
Brock Boeser,8478444,VAN,0.5735,0.7014,0.6247,22.7230,False,stable,7628.3833,High
Evgenii Dadonov,8474149,DET,0.6138,0.6409,0.6246,23.9479,False,stable,5677.3333,High
Andrei Kuzmenko,8483808,LAK,0.5034,0.8062,0.6245,20.6008,False,stable,3861.9833,High
Tyler Toffoli,8475726,DAL,0.5691,0.7071,0.6243,22.6078,False,stable,7518.6500,High
Kevin Fiala,8477942,LAK,0.5344,0.7585,0.6241,21.5658,True,stable,7495.2000,High
Filip Chytil,8480078,VAN,0.5713,0.7011,0.6232,22.7287,False,rising,4060.0667,High
Stefan Noesen,8476474,NJD,0.4402,0.8933,0.6214,18.8373,False,stable,3885.9167,High
Blake Lizotte,8481481,PIT,0.6637,0.5556,0.6205,25.6759,False,stable,4442.3000,High
Corey Perry,8470621,LAK,0.5437,0.7355,0.6204,22.0327,False,stable,6149.0333,High
Aliaksei Protas,8481656,WSH,0.6573,0.5637,0.6199,25.5116,False,stable,4433.2833,High
Marco Rossi,8482079,SJS,0.5858,0.6706,0.6197,23.3476,False,declining,3769.9833,High
Ryan Nugent-Hopkins,8476454,EDM,0.6152,0.6205,0.6173,24.3623,False,stable,9491.7333,High
Sean Monahan,8477497,CBJ,0.6238,0.6067,0.6170,24.6405,False,stable,5624.8833,High
Clayton Keller,8479343,UTA,0.5226,0.7569,0.6163,21.5988,False,stable,7889.3167,High
Jordan Martinook,8476921,TOR,0.4951,0.7976,0.6161,20.7746,False,stable,6452.1167,High
Tom Wilson,8476880,ANA,0.5979,0.6427,0.6158,23.9125,False,stable,6990.5000,High
Matthew Tkachuk,8479314,FLA,0.5043,0.7811,0.6150,21.1090,False,rising,8484.5333,High
Tomas Tatar,8475193,NJD,0.5766,0.6696,0.6138,23.3668,False,stable,5079.0000,High
Brendan Gallagher,8475848,MTL,0.5279,0.7415,0.6133,21.9108,False,stable,5033.1333,High
Michael Amadio,8478020,OTT,0.6016,0.6298,0.6129,24.1740,False,stable,4919.3333,High
Anders Lee,8475314,NYI,0.6226,0.5980,0.6128,24.8165,False,stable,6801.1167,High
Cole Caufield,8481540,MTL,0.5371,0.7260,0.6127,22.2247,False,rising,6449.5833,High
Jordan Staal,8473533,CAR,0.5321,0.7330,0.6124,22.0839,False,stable,7857.3167,High
Tomas Hertl,8476881,NJD,0.6141,0.6067,0.6112,24.6404,False,stable,7653.2833,High
Vasily Podkolzin,8481617,EDM,0.5582,0.6873,0.6098,23.0089,False,stable,3739.4167,High
Zach Hyman,8475786,EDM,0.5648,0.6769,0.6096,23.2200,False,rising,9124.0500,High
Pierre-Luc Dubois,8479400,WSH,0.5350,0.7215,0.6096,22.3168,False,stable,7095.1000,High
Jeff Skinner,8475784,SJS,0.6257,0.5829,0.6086,25.1230,False,stable,5875.0833,High
Brady Tkachuk,8480801,OTT,0.5127,0.7521,0.6084,21.6968,False,stable,7781.8000,High
Tyler Bertuzzi,8477479,LAK,0.5481,0.6964,0.6074,22.8237,False,rising,6098.9333,High
Jesper Bratt,8479407,NJD,0.5594,0.6788,0.6072,23.1804,False,stable,7798.8167,High
Jesper Boqvist,8480003,FLA,0.6733,0.5063,0.6065,26.6750,False,declining,4264.6667,High
Wyatt Johnston,8482740,DAL,0.6138,0.5928,0.6054,24.9215,False,stable,6206.6833,High
Sam Steel,8479351,DAL,0.6198,0.5830,0.6051,25.1202,False,rising,5742.0000,High
Chris Kreider,8475184,ANA,0.5406,0.7012,0.6048,22.7280,False,rising,8115.0833,High
Nicolas Roy,8478462,TOR,0.5864,0.6296,0.6037,24.1782,False,stable,6593.5333,High
Jonathan Drouin,8477494,NYI,0.4750,0.7943,0.6027,20.8423,False,rising,5150.1000,High
Nick Suzuki,8480018,MTL,0.5550,0.6729,0.6022,23.2999,False,declining,9399.1667,High
Brock Nelson,8475754,COL,0.6131,0.5779,0.5990,25.2237,False,rising,8401.6333,High
Casey Mittelstadt,8479999,BOS,0.5567,0.6621,0.5989,23.5186,True,rising,6204.4500,High
Zach Benson,8484145,BUF,0.5038,0.7411,0.5987,21.9192,False,stable,2761.9667,Medium
Martin Necas,8480039,COL,0.4336,0.8444,0.5979,19.8272,False,stable,8551.8833,High
Brad Marchand,8473419,FLA,0.5564,0.6591,0.5975,23.5792,True,rising,8137.6667,High
Kirill Kaprizov,8478864,MIN,0.4817,0.7691,0.5967,21.3511,False,rising,8000.5333,High
Adrian Kempe,8477960,CHI,0.5135,0.7199,0.5961,22.3489,False,stable,8333.2833,High
Dmitri Voronkov,8481716,CBJ,0.5702,0.6348,0.5960,24.0721,False,stable,2634.5833,Medium
Dakota Joshua,8478057,CAR,0.6509,0.5115,0.5951,26.5694,True,stable,3552.2000,High
Nils Hoglander,8481535,VAN,0.6101,0.5709,0.5944,25.3665,True,declining,4129.8500,High
Trent Frederic,8479365,EDM,0.6556,0.4981,0.5926,26.8412,False,rising,5036.2833,High
Jonathan Marchessault,8476539,FLA,0.5034,0.7255,0.5922,22.2348,False,stable,7976.6833,High
Jonathan Huberdeau,8476456,MIN,0.4828,0.7560,0.5921,21.6180,False,stable,7654.7167,High
Brayden Schenn,8475170,BOS,0.6103,0.5637,0.5917,25.5120,False,rising,7791.6333,High
William Eklund,8482667,SJS,0.5747,0.6169,0.5916,24.4348,False,stable,4125.2667,High
Evan Rodrigues,8478542,FLA,0.4769,0.7624,0.5911,21.4871,False,stable,7061.9167,High
Dawson Mercer,8482110,NJD,0.6441,0.5111,0.5909,26.5761,False,stable,6745.9000,High
Tyson Jost,8479370,NSH,0.7192,0.3982,0.5908,28.8628,False,stable,4359.2500,High
Charlie Coyle,8475745,CBJ,0.7158,0.4013,0.5900,28.8015,True,rising,8170.4000,High
Ross Colton,8479525,COL,0.5668,0.6225,0.5891,24.3219,False,declining,5602.3667,High
Nathan MacKinnon,8477492,NYI,0.4510,0.7948,0.5885,20.8316,False,rising,9980.0167,High
Kyle Connor,8478398,WPG,0.5262,0.6816,0.5884,23.1234,False,declining,9162.1667,High
Morgan Barron,8480289,WPG,0.6312,0.5225,0.5877,26.3470,False,stable,3577.6333,High
Anthony Cirelli,8478519,TBL,0.6664,0.4649,0.5858,27.5131,True,rising,8075.4333,High
Jack Eichel,8478403,VGK,0.5258,0.6732,0.5848,23.2944,False,declining,7008.5500,High
Sam Reinhart,8477933,FLA,0.4784,0.7429,0.5842,21.8831,False,stable,9706.1333,High
Blake Coleman,8476399,CGY,0.5823,0.5870,0.5842,25.0400,False,rising,7399.3500,High
Bo Horvat,8477500,NYI,0.5970,0.5649,0.5842,25.4876,False,declining,8448.8000,High
John Tavares,8475166,TOR,0.5724,0.5984,0.5828,24.8088,False,stable,8259.1500,High
Sean Couturier,8476461,PHI,0.5043,0.7004,0.5827,22.7435,False,stable,4891.0667,High
Matt Boldy,8481557,MIN,0.5052,0.6977,0.5822,22.7981,False,rising,6558.4333,High
Jake DeBrusk,8478498,VAN,0.5760,0.5886,0.5811,25.0067,False,stable,6888.5667,High
Robert Thomas,8480023,STL,0.5865,0.5698,0.5798,25.3887,False,stable,7560.0667,High
Kirill Marchenko,8480893,CBJ,0.5224,0.6657,0.5797,23.4461,False,declining,4583.2833,High
Kailer Yamamoto,8479977,UTA,0.5906,0.5576,0.5774,25.6352,False,stable,4943.2000,High
Kevin Stenlund,8478831,VAN,0.6148,0.5193,0.5766,26.4102,False,stable,4214.2833,High
Noah Cates,8480220,PIT,0.5585,0.6033,0.5764,24.7103,False,stable,4513.9000,High
Jason Zucker,8475722,BUF,0.5155,0.6677,0.5764,23.4053,False,rising,5373.1500,High
Nico Hischier,8480002,NJD,0.5749,0.5751,0.5750,25.2808,False,stable,7525.8833,High
Kiefer Sherwood,8480748,VAN,0.5219,0.6509,0.5735,23.7450,False,stable,3469.3667,High
Jack Roslovic,8478458,EDM,0.5954,0.5374,0.5722,26.0438,False,stable,6148.8833,High
Garnet Hathaway,8477903,PHI,0.6510,0.4504,0.5708,27.8057,True,stable,5148.5833,High
Dylan Cozens,8481528,OTT,0.5771,0.5608,0.5706,25.5715,False,rising,6858.4167,High
Gustav Nyquist,8474679,WPG,0.6489,0.4520,0.5702,27.7735,False,rising,5817.7667,High
Keegan Kolesar,8478434,VGK,0.5605,0.5845,0.5701,25.0907,False,stable,5347.0000,High
Alex Newhook,8481618,MTL,0.5399,0.6142,0.5696,24.4885,False,rising,5108.5167,High
Ivan Barbashev,8477964,VGK,0.6062,0.5146,0.5696,26.5067,False,stable,7367.9500,High
Ryan McLeod,8480802,WPG,0.5762,0.5593,0.5694,25.6010,False,declining,5952.9000,High
William Karlsson,8476448,VGK,0.5121,0.6544,0.5690,23.6754,False,stable,6938.8333,High
Mathieu Joseph,8478472,BOS,0.6073,0.5092,0.5680,26.6165,False,rising,4727.1500,High
Quinton Byfield,8482124,LAK,0.4623,0.7266,0.5680,22.2131,False,stable,5372.5000,High
Ridly Greig,8482092,OTT,0.5399,0.6083,0.5673,24.6082,False,stable,3567.1000,High
Ryan Lomberg,8479066,CGY,0.5828,0.5436,0.5671,25.9181,False,declining,3898.4333,High
Joel Eriksson Ek,8478493,MIN,0.6191,0.4877,0.5666,27.0500,False,stable,7472.8167,High
Pavel Buchnevich,8477402,STL,0.5675,0.5647,0.5664,25.4919,False,stable,7851.9167,High
Ondrej Palat,8476292,NJD,0.5383,0.6018,0.5637,24.7401,False,stable,6800.3000,High
Mika Zibanejad,8476459,NYR,0.5206,0.6258,0.5627,24.2541,False,stable,9417.8000,High
Josh Norris,8480064,BUF,0.5472,0.5858,0.5626,25.0652,False,declining,4777.9333,High
Matias Maccelli,8481711,TOR,0.5608,0.5609,0.5608,25.5685,False,rising,4033.8667,High
William Carrier,8477478,CAR,0.4429,0.7369,0.5605,22.0046,False,stable,4008.2500,High
Craig Smith,8475225,CHI,0.5479,0.5787,0.5602,25.2074,True,stable,4372.5333,High
Marcus Foligno,8475220,MIN,0.6134,0.4797,0.5599,27.2122,False,stable,5406.4000,High
Alex Killorn,8473986,ANA,0.5687,0.5450,0.5592,25.8915,False,rising,8215.0500,High
Cole Smith,8482062,NSH,0.6294,0.4498,0.5576,27.8183,False,rising,3552.3333,High
Tanner Jeannot,8479661,STL,0.6566,0.4070,0.5568,28.6848,False,stable,4733.5167,High
Robby Fabbri,8477952,STL,0.6164,0.4657,0.5561,27.4956,False,stable,3720.6000,High
Anze Kopitar,8471685,LAK,0.4528,0.7097,0.5556,22.5554,False,rising,9028.4500,High
Mark Jankowski,8476873,CAR,0.5564,0.5503,0.5540,25.7822,False,rising,3109.1167,High
Eetu Luostarinen,8480185,FLA,0.5608,0.5426,0.5535,25.9384,False,rising,7406.7667,High
Drew O'Connor,8482055,UTA,0.5574,0.5463,0.5530,25.8644,False,rising,3920.4500,High
Alex Tuch,8477949,BUF,0.4966,0.6364,0.5525,24.0386,False,stable,7545.3500,High
Cody Glass,8479996,NJD,0.4913,0.6417,0.5515,23.9326,False,rising,3682.8500,High
Filip Forsberg,8476887,NSH,0.4744,0.6667,0.5513,23.4264,False,declining,7181.6333,High
Connor McMichael,8481580,WSH,0.5991,0.4750,0.5495,27.3087,False,stable,4444.7333,High
Brandon Saad,8476438,VGK,0.5712,0.5167,0.5494,26.4638,False,rising,6191.8500,High
Trevor Moore,8479675,CHI,0.4829,0.6484,0.5491,23.7959,False,stable,6939.0000,High
Timo Meier,8478414,NJD,0.4931,0.6317,0.5486,24.1339,False,stable,7537.9500,High
Mason Appleton,8478891,DET,0.6062,0.4608,0.5480,27.5965,True,stable,5757.2500,High
Linus Karlsson,8481024,VAN,0.5456,,0.5456,,defensive data insufficient,stable,,Low
Mikael Granlund,8475798,ANA,0.6318,0.4152,0.5451,28.5202,False,stable,8434.0167,High
Warren Foegele,8477998,LAK,0.4991,0.6110,0.5439,24.5531,False,stable,6429.3333,High
JJ Peterka,8482175,UTA,0.4823,0.6343,0.5431,24.0823,False,stable,4546.9000,High
Claude Giroux,8473512,NYR,0.4519,0.6772,0.5420,23.2123,False,rising,8108.6167,High
Matthew Knies,8482720,TOR,0.5462,0.5353,0.5418,26.0866,False,stable,3910.0500,High
Jake Neighbours,8482089,STL,0.4785,0.6327,0.5402,24.1143,False,stable,3879.0333,High
Brandon Hagel,8479542,TBL,0.5197,0.5686,0.5393,25.4118,True,stable,8183.6000,High
Mason Marchment,8478975,LAK,0.4308,0.7019,0.5393,22.7122,False,stable,6142.0667,High
Alexey Toropchenko,8480281,STL,0.5794,0.4785,0.5390,27.2375,False,stable,3828.5500,High
Brandon Tanev,8479293,LAK,0.6683,0.3444,0.5387,29.9529,False,stable,4701.3833,High
Reilly Smith,8475191,VGK,0.4866,0.6163,0.5385,24.4460,False,stable,7100.5500,High
Barrett Hayton,8480849,UTA,0.4747,0.6329,0.5380,24.1098,False,stable,4900.0833,High
Jaden Schwartz,8475768,NYI,0.4626,0.6505,0.5378,23.7543,False,stable,5746.3167,High
Matty Beniers,8482665,SEA,0.4421,0.6807,0.5375,23.1426,False,rising,5607.8500,High
Oliver Bjorkstrand,8477416,TBL,0.4709,0.6368,0.5373,24.0315,False,rising,7113.1500,High
Carl Grundstrom,8479336,PHI,0.5040,0.5870,0.5372,25.0407,False,rising,3433.6167,High
Bryan Rust,8475810,PIT,0.5550,0.5100,0.5370,26.5998,False,stable,7470.7333,High
Sidney Crosby,8471675,PIT,0.4792,0.6220,0.5363,24.3316,False,stable,8460.6000,High
J.T. Compher,8477456,DET,0.6211,0.4052,0.5348,28.7213,False,rising,7681.4000,High
Boone Jenner,8476432,CBJ,0.6584,0.3489,0.5346,29.8625,False,stable,5587.6167,High
Tim StÃ¼tzle,8482116,OTT,0.3808,0.7627,0.5335,21.4825,False,rising,8200.1667,High
Nick Cousins,8476393,OTT,0.4728,0.6235,0.5331,24.3012,False,rising,5007.1500,High
Jamie Benn,8473994,DAL,0.5276,0.5404,0.5327,25.9829,False,rising,7534.9500,High
Mason McTavish,8482745,ANA,0.5509,0.5054,0.5327,26.6923,False,stable,4315.8500,High
Tyler Seguin,8475794,DAL,0.4925,0.5917,0.5322,24.9446,False,declining,5392.7500,High
David Pastrnak,8477956,BOS,0.3799,0.7599,0.5319,21.5388,False,stable,8749.7833,High
Radek Faksa,8476889,DAL,0.5458,0.5109,0.5318,26.5808,False,rising,6020.1333,High
Max Pacioretty,8474157,TOR,0.4082,0.7167,0.5316,22.4142,False,stable,3222.9500,High
Conor Garland,8478856,VAN,0.4267,0.6876,0.5311,23.0028,False,rising,6940.9000,High
Vladimir Tarasenko,8475765,MIN,0.5060,0.5659,0.5300,25.4671,False,rising,6622.6500,High
Connor Bedard,8484144,CHI,0.5001,0.5746,0.5299,25.2913,False,stable,3819.5000,High
Ryan Strome,8476458,WSH,0.4968,0.5787,0.5295,25.2086,False,stable,7226.1167,High
Lawson Crouse,8478474,UTA,0.6104,0.4075,0.5292,28.6757,False,rising,6467.5000,High
Ryan Hartman,8477451,MIN,0.5334,0.5229,0.5292,26.3386,False,rising,6688.2833,High
Evander Kane,8475169,COL,0.5009,0.5676,0.5276,25.4333,False,stable,5852.9500,High
Elias Lindholm,8477496,BOS,0.5229,0.5325,0.5267,26.1434,False,stable,8441.1333,High
Dylan Holloway,8482077,STL,0.3862,0.7375,0.5267,21.9929,False,declining,3197.4000,High
Will Cuylle,8482157,OTT,0.4924,0.5777,0.5265,25.2276,False,stable,3153.6833,High
Colton Sissons,8476925,VGK,0.6334,0.3645,0.5259,29.5452,False,stable,6571.6333,High
Juraj SlafkovskÃ½,8483515,MTL,0.4088,0.7009,0.5256,22.7332,False,declining,4368.0667,High
Alex Laferriere,8482155,LAK,0.3884,0.7312,0.5255,22.1193,False,stable,3406.9833,High
Yakov Trenin,8478508,MIN,0.5756,0.4492,0.5250,27.8305,False,rising,5902.8833,High
Joel Kiviranta,8481641,NYI,0.4566,0.6262,0.5244,24.2467,False,stable,4021.1667,High
Michael McCarron,8477446,NSH,0.6059,0.4019,0.5243,28.7890,False,rising,3593.0333,High
Michael Carcone,8479619,UTA,0.4496,0.6348,0.5237,24.0721,False,stable,2402.7833,Medium
Miles Wood,8477425,CBJ,0.6169,0.3832,0.5234,29.1664,False,rising,3859.2333,High
Bobby McMann,8482259,TOR,0.5304,0.5122,0.5231,26.5541,False,declining,2682.0667,Medium
Adam Lowry,8476392,WPG,0.5833,0.4319,0.5227,28.1815,False,rising,6930.0667,High
Patrick Kane,8474141,DET,0.4308,0.6604,0.5227,23.5529,False,stable,7402.9167,High
Tanner Pearson,8476871,WPG,0.5718,0.4463,0.5216,27.8899,False,stable,4145.5833,High
Kasperi Kapanen,8477953,DET,0.4721,0.5944,0.5210,24.8903,False,stable,5308.1000,High
Connor Brown,8477015,NJD,0.5224,0.5184,0.5208,26.4284,False,rising,5746.1000,High
Taylor Raddysh,8479390,NYR,0.4991,0.5484,0.5188,25.8209,False,rising,4847.2333,High
Luke Glendening,8476822,NJD,0.6285,0.3506,0.5174,29.8266,False,rising,5401.2167,High
Colin Blackwell,8476278,DAL,0.5197,0.5131,0.5171,26.5368,False,stable,4013.3000,High
Kyle Palmieri,8475151,SEA,0.5073,0.5305,0.5166,26.1845,True,stable,6425.1667,High
Casey Cizikas,8475231,NYI,0.6243,0.3539,0.5161,29.7613,False,rising,6052.1500,High
Fabian Zetterlund,8480188,NYR,0.4964,0.5449,0.5158,25.8929,False,rising,4692.4000,High
Scott Laughton,8476872,TOR,0.6097,0.3744,0.5156,29.3462,False,stable,6554.8500,High
A.J. Greer,8478421,FLA,0.4360,0.6333,0.5149,24.1023,False,stable,2656.1833,Medium
Joseph Veleno,8480813,MTL,0.4720,0.5784,0.5145,25.2149,False,stable,4409.3000,High
Justin Danforth,8479941,BUF,0.6518,0.3071,0.5139,30.7088,False,stable,2528.2667,Medium
Anthony Beauvillier,8478463,ANA,0.5442,0.4665,0.5131,27.4813,False,stable,6587.0167,High
Yegor Sharangovich,8481068,CGY,0.5043,0.5258,0.5129,26.2789,False,stable,6694.3500,High
Jean-Gabriel Pageau,8476419,NYI,0.5994,0.3790,0.5112,29.2531,False,rising,7396.1500,High
Barclay Goodrow,8476624,SJS,0.6004,0.3730,0.5094,29.3739,False,rising,6689.6167,High
Nic Dowd,8475343,WSH,0.6158,0.3462,0.5080,29.9172,False,stable,5878.2333,High
Paul Cotter,8481032,NJD,0.5407,0.4558,0.5067,27.6980,False,stable,3327.3167,High
Jack Drury,8480835,COL,0.2719,0.8588,0.5066,19.5359,False,stable,3332.3333,High
Alexander Kerfoot,8477021,UTA,0.5257,0.4758,0.5057,27.2930,False,declining,6632.4667,High
Pavel Zacha,8478401,BOS,0.5062,0.5019,0.5045,26.7644,False,stable,7400.1167,High
Kevin Hayes,8475763,PIT,0.4885,0.5274,0.5041,26.2462,False,rising,5344.7833,High
Andrew Copp,8477429,DET,0.5195,0.4748,0.5016,27.3122,False,rising,7383.5167,High
Drake Batherson,8480208,OTT,0.3674,0.7019,0.5012,22.7122,False,rising,7164.4333,High
Brett Howden,8479353,VGK,0.5521,0.4214,0.4998,28.3939,False,stable,4995.4333,High
Rickard Rakell,8476483,PIT,0.4027,0.6446,0.4995,23.8726,False,rising,7210.7833,High
Steven Lorentz,8478904,TOR,0.4677,0.5460,0.4990,25.8697,False,stable,4230.4333,High
Trevor Lewis,8473453,LAK,0.5520,0.4159,0.4976,28.5050,False,stable,4428.7000,High
Kaapo Kakko,8481554,EDM,0.3982,0.6439,0.4965,23.8870,False,rising,5759.6167,High
Mitch Marner,8478483,VGK,0.4025,0.6359,0.4958,24.0502,False,rising,9632.3500,High
Chandler Stephenson,8476905,SEA,0.4660,0.5405,0.4958,25.9815,False,stable,8648.4667,High
Nico Sturm,8481477,MIN,0.6596,0.2492,0.4955,31.8803,False,stable,4654.2833,High
Mattias Janmark,8477406,EDM,0.4799,0.5181,0.4952,26.4348,False,stable,5874.0667,High
Jack McBain,8480855,UTA,0.5901,0.3527,0.4951,29.7860,False,rising,3785.0000,High
Trevor Zegras,8481533,PHI,0.3657,0.6878,0.4945,22.9993,False,stable,5679.3000,High
Logan O'Connor,8481186,CGY,0.4578,0.5472,0.4935,25.8466,False,declining,5004.9167,High
Mathieu Olivier,8479671,CBJ,0.5930,0.3420,0.4926,30.0010,False,stable,3453.8833,High
Michael Eyssimont,8479591,STL,0.4050,0.6236,0.4924,24.2986,False,stable,2837.2000,Medium
Eric Robinson,8480762,CAR,0.5566,0.3927,0.4911,28.9744,False,stable,4791.8167,High
Viktor Arvidsson,8478042,BOS,0.3012,0.7753,0.4908,21.2274,False,rising,5534.3667,High
Adam Henrique,8474641,EDM,0.4955,0.4830,0.4905,27.1460,False,stable,6487.1500,High
Ilya Mikheyev,8481624,CHI,0.4207,0.5912,0.4889,24.9547,False,stable,5864.2167,High
Erik Haula,8475287,NSH,0.5081,0.4600,0.4889,27.6123,False,stable,6975.1500,High
Nathan Bastian,8479414,DAL,0.5144,0.4449,0.4866,27.9168,False,stable,3453.8333,High
Troy Terry,8478873,ANA,0.3478,0.6933,0.4860,22.8862,False,stable,6929.0667,High
Mikael Backlund,8474150,CGY,0.4403,0.5539,0.4857,25.7102,False,rising,7974.2667,High
Jordan Greenway,8478413,BUF,0.5566,0.3708,0.4823,29.4187,False,declining,4801.0333,High
Jordan Kyrou,8479385,STL,0.3469,0.6838,0.4817,23.0789,False,stable,7375.5667,High
Nikolaj Ehlers,8477940,TOR,0.2844,0.7767,0.4813,21.1988,False,stable,6206.9667,High
Alexander Wennberg,8477505,SJS,0.4399,0.5422,0.4808,25.9470,False,stable,8447.2333,High
Cutter Gauthier,8483445,ANA,0.4484,0.5273,0.4800,26.2495,False,stable,1869.7500,Low
Matt Duchene,8475168,PIT,0.3847,0.6217,0.4795,24.3370,False,stable,7526.8167,High
Alex DeBrincat,8479337,DET,0.3322,0.6919,0.4761,22.9150,False,stable,8200.7333,High
Philipp Kurashev,8480798,DAL,0.4506,0.5095,0.4742,26.6085,False,stable,5238.1833,High
Conor Sheary,8477839,NYR,0.4211,0.5431,0.4699,25.9299,False,stable,4657.9500,High
Jason Dickinson,8477450,CHI,0.4513,0.4964,0.4693,26.8745,False,stable,5806.9833,High
Noah Gregor,8479393,NSH,0.5529,0.3437,0.4692,29.9671,False,stable,3567.9167,High
Curtis Lazar,8477508,EDM,0.5930,0.2751,0.4658,31.3568,False,rising,3949.3833,High
Teuvo Teravainen,8476882,LAK,0.2109,0.8421,0.4634,19.8745,False,declining,7055.2833,High
Isac LundestrÃ¶m,8480806,DET,0.5593,0.3145,0.4614,30.5584,False,declining,5026.4333,High
Victor Olofsson,8478109,COL,0.3154,0.6797,0.4611,23.1628,False,rising,5312.8333,High
Taylor Hall,8475791,CAR,0.2838,0.7261,0.4607,22.2222,False,rising,5888.7167,High
Mark Kastelic,8480355,NJD,0.4656,0.4518,0.4601,27.7775,False,stable,2453.7833,Medium
Owen Tippett,8480015,PHI,0.3132,0.6776,0.4590,23.2042,False,stable,6128.2000,High
Max Domi,8477503,TOR,0.4222,0.5130,0.4585,26.5392,False,declining,6748.5167,High
Jansen Harkins,8478424,ANA,0.4291,0.4984,0.4568,26.8339,False,rising,2399.2000,Medium
Zemgus Girgensons,8476878,TBL,0.4237,0.5045,0.4560,26.7101,False,rising,4290.5167,High
Zach Aston-Reese,8479944,PIT,0.5194,0.3601,0.4557,29.6350,False,rising,3705.0833,High
Teddy Blueger,8476927,VAN,0.4797,0.4136,0.4533,28.5510,False,stable,5415.5667,High
David Kampf,8480144,UTA,0.5610,0.2890,0.4522,31.0747,False,rising,5823.3833,High
Nick Bjugstad,8475760,STL,0.5046,0.3621,0.4476,29.5941,False,stable,5123.3167,High
Frank Vatrano,8478366,ANA,0.4452,0.4484,0.4465,27.8461,False,stable,6733.4333,High
Joel Armia,8476469,CHI,0.4267,0.4633,0.4414,27.5444,False,declining,5153.8667,High
Anthony Duclair,8477407,NYI,0.3763,0.5354,0.4399,26.0850,False,declining,4908.5667,High
Noel Acciari,8478569,PIT,0.5318,0.2969,0.4378,30.9154,False,stable,4712.2167,High
William Nylander,8477939,TOR,0.3205,0.6134,0.4377,24.5055,False,rising,8704.1833,High
Eeli Tolvanen,8480009,SEA,0.3388,0.5835,0.4367,25.1101,False,stable,5995.2000,High
Brandon Duhaime,8479520,WSH,0.4829,0.3619,0.4345,29.5982,False,stable,4212.4167,High
Tage Thompson,8479420,BUF,0.3133,0.6143,0.4337,24.4876,False,stable,7076.2333,High
Michael Rasmussen,8479992,DET,0.4153,0.4591,0.4328,27.6305,False,stable,5215.9667,High
Dylan Larkin,8477946,DET,0.2935,0.6272,0.4270,24.2266,False,stable,7702.2667,High
Jake Evans,8478133,TOR,0.4755,0.3494,0.4251,29.8515,False,rising,5901.2167,High
Ryan Poehling,8480068,WSH,0.4440,0.3963,0.4249,28.9011,False,stable,4087.7333,High
Travis Konecny,8478439,PIT,0.3233,0.5614,0.4185,25.5583,False,rising,7486.4167,High
Cole Sillinger,8482705,CBJ,0.4723,0.3375,0.4184,30.0934,False,stable,4996.4500,High
Christian Dvorak,8477989,PHI,0.4344,0.3861,0.4151,29.1093,False,rising,5748.6833,High
Lars Eller,8474189,MTL,0.3425,0.5182,0.4128,26.4331,False,rising,6289.8500,High
Nick Paul,8477426,TBL,0.3319,0.5047,0.4010,26.7068,False,rising,7292.5333,High
Mats Zuccarello,8475692,MIN,0.1819,0.7098,0.3930,22.5536,False,rising,7337.2000,High
Marcus Johansson,8475149,MIN,0.2509,0.5658,0.3768,25.4702,False,stable,6400.4333,High
Nicholas Robertson,8481582,TOR,0.2394,0.5793,0.3754,25.1963,False,rising,2459.8833,Medium
Jordan Spence,8481606,OTT,0.0000,0.8771,0.3508,19.1646,,,3951.0333,High
Jalen Chatfield,8478970,TOR,0.0000,0.8636,0.3454,19.4391,,,5679.2833,High
Tomas Nosek,8477931,FLA,0.3186,0.3567,0.3338,29.7041,False,stable,4009.5500,High
Sam Carrick,8475842,NYR,0.3116,0.3620,0.3317,29.5976,False,rising,3871.9333,High
Zachary Bolduc,8482737,MTL,0.0000,0.7948,0.3179,20.8320,,,1978.6833,Low
Lane Hutson,8483457,MTL,0.0000,0.7929,0.3171,20.8705,,,3205.4833,High
Evan Bouchard,8480803,EDM,0.0000,0.7886,0.3155,20.9562,,,10058.1000,High
Artemi Panarin,8478550,NYR,0.0000,0.7880,0.3152,20.9683,,,8947.7833,High
Shea Theodore,8477447,VGK,0.0000,0.7837,0.3135,21.0560,,,8893.4333,High
Bobby Brink,8481553,PHI,0.0000,0.7815,0.3126,21.1016,,,2695.5333,Medium
Quinn Hughes,8480800,VAN,0.0000,0.7810,0.3124,21.1108,,,10479.0167,High
Gage Goncalves,8482201,TBL,0.0000,0.7779,0.3112,21.1740,,,1436.6667,Low
Matvei Michkov,8484387,PHI,0.0000,0.7767,0.3107,21.1980,,,2049.2500,Medium
Luke Hughes,8482684,BOS,0.0000,0.7742,0.3097,21.2477,,,4272.4667,High
Sean Kuraly,8476374,BOS,0.4011,0.1554,0.3028,33.7803,False,stable,5493.7333,High
Josh Doan,8482659,BUF,0.0000,0.7568,0.3027,21.6005,,,1613.8500,Low
Mackie Samoskevich,8482713,FLA,0.0000,0.7559,0.3023,21.6202,,,1737.2667,Low
Thomas Novak,8478438,PIT,0.0000,0.7523,0.3009,21.6927,,,3617.8000,High
Tyson Foerster,8482159,PHI,0.0000,0.7499,0.2999,21.7415,,,3043.9500,High
Maksim Tsyplakov,8484958,NYI,0.0000,0.7484,0.2993,21.7718,,,1372.4167,Low
Mavrik Bourque,8482145,DAL,0.0000,0.7412,0.2965,21.9163,,,1705.5833,Low
Brandt Clarke,8482730,LAK,0.0000,0.7361,0.2944,22.0211,,,2642.9167,Medium
Matt Coronato,8482679,MIN,0.0000,0.7359,0.2944,22.0247,,,2582.5500,Medium
Lian Bichsel,8483425,CGY,0.0000,0.7258,0.2903,22.2289,,,1166.0500,Low
Drew Doughty,8474563,CHI,0.0000,0.7240,0.2896,22.2650,,,9035.7000,High
Egor Zamula,8481178,PHI,0.0000,0.7233,0.2893,22.2792,,,2671.5500,Medium
Nikita Kucherov,8476453,PIT,0.0000,0.7229,0.2891,22.2886,,,8191.6167,High
Sean Durzi,8480434,UTA,0.0000,0.7202,0.2881,22.3417,,,5975.3667,High
Shayne Gostisbehere,8476906,TOR,0.0000,0.7196,0.2879,22.3538,,,8224.1000,High
Daniil Miromanov,8482624,VGK,0.0000,0.7168,0.2867,22.4107,,,1641.1833,Low
Sam Malinski,8484258,COL,0.0000,0.7140,0.2856,22.4687,,,2419.3667,Medium
Leo Carlsson,8484153,ANA,0.0000,0.7133,0.2853,22.4827,,,2999.6333,Medium
Emil Andrae,8482126,PHI,0.0000,0.7111,0.2845,22.5259,,,1345.1167,Low
Alex Ovechkin,8471214,WSH,0.0000,0.7107,0.2843,22.5354,,,7971.4500,High
Hendrix Lapierre,8482148,WSH,0.0000,0.7098,0.2839,22.5533,,,1364.7667,Low
Dylan Guenther,8482699,VAN,0.0000,0.7068,0.2827,22.6139,,,3133.4667,High
Miro Heiskanen,8480036,DAL,0.0000,0.7031,0.2813,22.6880,,,10710.5000,High
Uvis Balinskis,8484304,FLA,0.0000,0.6991,0.2796,22.7699,,,1960.4833,Low
Dmitry Orlov,8475200,UTA,0.0000,0.6990,0.2796,22.7717,,,9090.2500,High
Adam Fox,8479323,NYR,0.0000,0.6955,0.2782,22.8424,,,10462.1167,High
Emil Heineman,8482476,NYI,0.0000,0.6945,0.2778,22.8634,,,1661.1667,Low
Macklin Celebrini,8484801,DAL,0.0000,0.6896,0.2758,22.9629,,,2456.1333,Medium
Sean Walker,8480336,CAR,0.0000,0.6874,0.2750,23.0070,,,6420.6500,High
Erik Gustafsson,8476979,DET,0.0000,0.6874,0.2749,23.0072,,,5619.9833,High
Matthew Schaefer,8485366,NYI,0.0000,0.6836,0.2734,23.0842,,,1315.1833,Low
Vince Dunn,8478407,SEA,0.0000,0.6814,0.2726,23.1275,,,8304.3833,High
Kirby Dach,8481523,MTL,0.0000,0.6814,0.2726,23.1278,,,3912.1667,High
Tony DeAngelo,8477950,NYI,0.0000,0.6792,0.2717,23.1718,,,5437.6500,High
Cale Makar,8480069,COL,0.0000,0.6791,0.2716,23.1748,,,11060.2833,High
Martin Pospisil,8481028,FLA,0.0000,0.6729,0.2692,23.3003,,,2042.0333,Medium
Josh Morrissey,8477504,WPG,0.0000,0.6722,0.2689,23.3142,,,10803.7000,High
Joel Hanley,8477810,CGY,0.0000,0.6690,0.2676,23.3789,,,3634.0500,High
Jaccob Slavin,8476958,CAR,0.0000,0.6685,0.2674,23.3885,,,10197.3167,High
MacKenzie Weegar,8477346,CGY,0.0000,0.6675,0.2670,23.4090,,,10016.6500,High
Thomas Harley,8481581,WPG,0.0000,0.6665,0.2666,23.4298,,,6268.9333,High
Brady Skjei,8476869,NSH,0.0000,0.6663,0.2665,23.4331,,,10334.1000,High
Brett Pesce,8477488,WSH,0.0000,0.6656,0.2662,23.4490,,,8963.3000,High
Tyler Tucker,8481006,STL,0.0000,0.6643,0.2657,23.4744,,,1845.4167,Low
Mitchell Chaffee,8482070,TBL,0.0000,0.6575,0.2630,23.6118,,,1308.6667,Low
Tyler Kleven,8482095,NYR,0.0000,0.6557,0.2623,23.6477,,,2085.6167,Medium
Thomas Chabot,8478469,OTT,0.0000,0.6553,0.2621,23.6572,,,8372.0833,High
Aaron Ekblad,8477932,FLA,0.0000,0.6546,0.2618,23.6715,,,9180.6500,High
Jonatan Berggren,8481013,NJD,0.0000,0.6482,0.2593,23.8012,,,2364.5833,Medium
Justin Barron,8482111,NSH,0.0000,0.6478,0.2591,23.8078,,,3130.0667,High
Kent Johnson,8482660,CBJ,0.0000,0.6478,0.2591,23.8089,,,3548.2500,High
Kyle MacLean,8481237,NYI,0.0000,0.6468,0.2587,23.8285,,,1551.0833,Low
Declan Chisholm,8480990,WSH,0.0000,0.6464,0.2586,23.8365,,,1812.3500,Low
Logan Cooley,8483431,UTA,0.0000,0.6463,0.2585,23.8392,,,3123.4333,High
Darren Raddysh,8478178,PIT,0.0000,0.6432,0.2573,23.9014,,,4455.8000,High
Philip Tomasino,8481577,CBJ,0.0000,0.6418,0.2567,23.9304,,,2783.0667,Medium
Will Smith,8484227,SJS,0.0000,0.6416,0.2566,23.9340,,,1920.2833,Low
Fraser Minten,8483489,BOS,0.0000,0.6396,0.2558,23.9745,,,1036.1000,Low
Justin Brazeau,8479638,PIT,0.0000,0.6369,0.2548,24.0293,,,1800.3000,Low
Jonny Brodzinski,8477380,NYR,0.0000,0.6360,0.2544,24.0485,,,2070.8167,Medium
Jakob Chychrun,8479345,ANA,0.0000,0.6303,0.2521,24.1630,,,8283.7333,High
Rasmus Dahlin,8480839,WPG,0.0000,0.6289,0.2516,24.1918,,,10131.5500,High
Adam Fantilli,8484166,CBJ,0.0000,0.6265,0.2506,24.2396,,,3128.7667,High
Bowen Byram,8481524,BUF,0.0000,0.6221,0.2488,24.3289,,,6806.7167,High
Brandon Montour,8477986,EDM,0.0000,0.6138,0.2455,24.4970,,,10103.2667,High
Cam York,8481546,PHI,0.0000,0.6123,0.2449,24.5279,,,5841.5167,High
Emil Lilleberg,8482929,PIT,0.0000,0.6113,0.2445,24.5488,,,2422.1167,Medium
Roman Josi,8474600,NSH,0.0000,0.6112,0.2445,24.5505,,,9839.3167,High
Fedor Svechkov,8482768,NSH,0.0000,0.6109,0.2444,24.5564,,,1194.8000,Low
Samuel Girard,8479398,COL,0.0000,0.6097,0.2439,24.5811,,,8355.2000,High
Shane Wright,8483524,SEA,0.0000,0.6088,0.2435,24.5976,,,1809.9333,Low
Adam Gaudette,8478874,SJS,0.0000,0.6064,0.2425,24.6478,,,2497.5833,Medium
K'Andre Miller,8480817,CAR,0.0000,0.6052,0.2421,24.6704,,,9866.9000,High
Spencer Stastney,8481056,FLA,0.0000,0.6013,0.2405,24.7500,,,1444.8500,Low
Nils Lundkvist,8480878,WPG,0.0000,0.6003,0.2401,24.7707,,,3427.4333,High
Nate Schmidt,8477220,UTA,0.0000,0.5992,0.2397,24.7929,,,7746.5833,High
Frank Nazar,8483493,CHI,0.0000,0.5988,0.2395,24.8019,,,1628.1000,Low
Oskar BÃ¤ck,8480840,SJS,0.0000,0.5982,0.2393,24.8132,,,1528.2167,Low
Nathan Walker,8477573,STL,0.0000,0.5973,0.2389,24.8309,,,2752.2167,Medium
Jake Sanderson,8482105,NYR,0.0000,0.5959,0.2383,24.8606,,,6439.1167,High
Dougie Hamilton,8476462,NJD,0.0000,0.5948,0.2379,24.8825,,,7762.0667,High
Arber Xhekaj,8482964,TOR,0.0000,0.5943,0.2377,24.8924,,,3005.7333,High
Victor Hedman,8475167,NYI,0.0000,0.5931,0.2372,24.9171,,,10823.9000,High
Adam Wilsby,8482482,NSH,0.0000,0.5929,0.2372,24.9198,,,1081.0667,Low
Filip Hronek,8479425,VAN,0.0000,0.5927,0.2371,24.9245,,,9190.9500,High
Brent Burns,8470613,COL,0.0000,0.5920,0.2368,24.9392,,,10857.6167,High
Erik Karlsson,8474578,PIT,0.0000,0.5906,0.2362,24.9671,,,9478.0833,High
Elmer Soderblom,8481725,CBJ,0.0000,0.5898,0.2359,24.9838,,,1051.8833,Low
Charlie McAvoy,8479325,BOS,0.0000,0.5892,0.2357,24.9956,,,9680.9167,High
John Klingberg,8475906,SJS,0.0000,0.5886,0.2354,25.0075,,,6024.6000,High
Jamie Drysdale,8482142,PHI,0.0000,0.5865,0.2346,25.0504,,,5355.6000,High
Noah Dobson,8480865,MTL,0.0000,0.5843,0.2337,25.0939,,,9291.4833,High
Brett Kulak,8476967,SEA,0.0000,0.5835,0.2334,25.1101,,,8888.8500,High
Calvin de Haan,8475177,PIT,0.0000,0.5825,0.2330,25.1307,,,4555.3833,High
Devon Toews,8478038,COL,0.0000,0.5791,0.2317,25.1992,,,11195.6000,High
Artyom Levshunov,8484783,CHI,0.0000,0.5780,0.2312,25.2229,,,1056.1833,Low
John Carlson,8474590,LAK,0.0000,0.5759,0.2304,25.2642,,,9689.5833,High
Dylan Samberg,8480049,WPG,0.0000,0.5744,0.2298,25.2953,,,5030.9667,High
Mikey Anderson,8479998,LAK,0.0000,0.5742,0.2297,25.2996,,,8677.6167,High
Jayden Struble,8481593,TOR,0.0000,0.5726,0.2291,25.3310,,,2243.1000,Medium
Jack Quinn,8482097,BUF,0.0000,0.5725,0.2290,25.3335,,,3351.3000,High
Alexander Holtz,8482125,SJS,0.0000,0.5720,0.2288,25.3433,,,2012.3667,Medium
Mason Lohrei,8482511,BOS,0.0000,0.5716,0.2287,25.3511,,,3046.0167,High
Michael Kesselring,8480891,BUF,0.0000,0.5714,0.2286,25.3558,,,2872.7167,Medium
Mikhail Sergachev,8479410,UTA,0.0000,0.5704,0.2282,25.3762,,,9755.5833,High
Neal Pionk,8480145,WPG,0.0000,0.5696,0.2278,25.3931,,,9356.8833,High
Simon Nemec,8483495,NJD,0.0000,0.5690,0.2276,25.4050,,,2390.0833,Medium
Kaedan Korczak,8481527,NJD,0.0000,0.5689,0.2276,25.4070,,,1917.5833,Low
Rasmus Sandin,8480873,WSH,0.0000,0.5677,0.2271,25.4303,,,6511.9167,High
Seth Jones,8477495,FLA,0.0000,0.5664,0.2266,25.4575,,,9842.2833,High
Olli Maatta,8476874,PIT,0.0000,0.5644,0.2258,25.4969,,,6643.1667,High
Jackson LaCombe,8481605,WSH,0.0000,0.5643,0.2257,25.4996,,,4202.4167,High
Morgan Rielly,8476853,TOR,0.0000,0.5642,0.2257,25.5024,,,10097.8667,High
Vincent Desharnais,8479576,BOS,0.0000,0.5603,0.2241,25.5814,,,3588.5500,High
Peyton Krebs,8481522,BUF,0.0000,0.5599,0.2240,25.5892,,,4724.6500,High
Ryker Evans,8482858,SEA,0.0000,0.5560,0.2224,25.6678,,,2795.7167,Medium
John Marino,8478507,VAN,0.0000,0.5558,0.2223,25.6712,,,7918.6167,High
Nick Perbix,8480246,NSH,0.0000,0.5541,0.2217,25.7054,,,4565.5833,High
Noah Hanifin,8478396,NJD,0.0000,0.5517,0.2207,25.7547,,,9875.4667,High
Josh Manson,8476312,COL,0.0000,0.5501,0.2200,25.7868,,,5984.4500,High
Olen Zellweger,8482803,ANA,0.0000,0.5471,0.2188,25.8477,,,2370.0333,Medium
Mattias Ekholm,8475218,SEA,0.0000,0.5451,0.2180,25.8890,,,9933.1667,High
Wyatt Kaiser,8482176,CHI,0.0000,0.5450,0.2180,25.8904,,,2681.3000,Medium
Moritz Seider,8481542,CBJ,0.0000,0.5414,0.2165,25.9644,,,8922.2000,High
Oliver Ekman-Larsson,8475171,CAR,0.0000,0.5405,0.2162,25.9812,,,8475.3500,High
Gustav Forsling,8478055,FLA,0.0000,0.5388,0.2155,26.0169,,,10947.5000,High
Brendan Smith,8474090,DET,0.0000,0.5377,0.2151,26.0388,,,4110.7833,High
Tye Kartye,8481789,SEA,0.0000,0.5373,0.2149,26.0460,,,2167.7000,Medium
Matt Grzelcyk,8476891,LAK,0.0000,0.5367,0.2147,26.0590,,,7222.8500,High
Hampus Lindholm,8476854,BOS,0.0000,0.5354,0.2142,26.0854,,,7360.4333,High
Simon Edvinsson,8482762,CBJ,0.0000,0.5326,0.2130,26.1420,,,3096.1667,High
Vinnie Hinostroza,8476994,MIN,0.0000,0.5324,0.2130,26.1448,,,2579.4833,Medium
Nikita Zadorov,8477507,NJD,0.0000,0.5320,0.2128,26.1529,,,8247.6500,High
Johnathan Kovacevic,8480192,WSH,0.0000,0.5314,0.2126,26.1652,,,4439.4833,High
Ben Hutton,8477018,CHI,0.0000,0.5314,0.2126,26.1656,,,3354.7833,High
Patrik Laine,8479339,MTL,0.0000,0.5310,0.2124,26.1749,,,3954.1667,High
Adam Boqvist,8480871,NYI,0.0000,0.5308,0.2123,26.1791,,,3694.5500,High
Colin Miller,8476525,BUF,0.0000,0.5298,0.2119,26.1982,,,4857.5833,High
Shakir Mukhamadullin,8482166,SJS,0.0000,0.5279,0.2111,26.2378,,,1271.4500,Low
Mike Reilly,8476422,CAR,0.0000,0.5256,0.2102,26.2830,,,4677.5500,High
Ben Meyers,8483570,SEA,0.0000,0.5255,0.2102,26.2846,,,1143.6333,Low
Pierre-Olivier Joseph,8480058,VAN,0.0000,0.5242,0.2097,26.3119,,,3217.5500,High
Josh Mahura,8479372,DET,0.0000,0.5234,0.2093,26.3290,,,3650.7333,High
Owen Power,8482671,WPG,0.0000,0.5207,0.2083,26.3835,,,6558.6500,High
Pontus Holmberg,8480995,TBL,0.0000,0.5171,0.2068,26.4554,,,2669.4000,Medium
Juuso Välimäki,8479976,UTA,0.0000,0.5170,0.2068,26.4573,,,4331.5000,High
Alex Pietrangelo,8474565,VGK,0.0000,0.5141,0.2057,26.5157,,,9216.4333,High
Marco Kasper,8483464,DET,0.0000,0.5141,0.2056,26.5160,,,1817.0167,Low
Jacob Bernard-Docker,8480879,CBJ,0.0000,0.5129,0.2052,26.5406,,,2715.0833,Medium
Jake Walman,8478013,EDM,0.0000,0.5113,0.2045,26.5722,,,6089.8333,High
Jonah Gadjovich,8479981,BOS,0.0000,0.5111,0.2044,26.5772,,,1456.1333,Low
Zach Whitecloud,8480727,VGK,0.0000,0.5107,0.2043,26.5843,,,7350.9667,High
Ryan Suter,8470600,STL,0.0000,0.5098,0.2039,26.6030,,,9174.9167,High
Brayden McNabb,8475188,VGK,0.0000,0.5086,0.2035,26.6270,,,8855.6833,High
Philip Broberg,8481598,STL,0.0000,0.5079,0.2032,26.6417,,,3936.6833,High
Jonathan Toews,8473604,WPG,0.0000,0.5073,0.2029,26.6542,,,2892.6000,Medium
Albert Johansson,8481607,DET,0.0000,0.5063,0.2025,26.6735,,,1747.8000,Low
Kris Letang,8471724,PIT,0.0000,0.5062,0.2025,26.6764,,,10087.5833,High
Parker Kelly,8480448,COL,0.0000,0.5050,0.2020,26.7002,,,3642.6667,High
Artem Zub,8482245,OTT,0.0000,0.5026,0.2011,26.7483,,,7379.9167,High
Damon Severson,8476923,CBJ,0.0000,0.5000,0.2000,26.8020,,,8643.4000,High
Egor Chinakhov,8482475,DET,0.0000,0.4998,0.1999,26.8055,,,3064.3000,High
Cam Fowler,8475764,OTT,0.0000,0.4998,0.1999,26.8059,,,9669.5167,High
Ian Cole,8474013,VAN,0.0000,0.4998,0.1999,26.8069,,,8229.9667,High
Niko Mikkola,8478859,NSH,0.0000,0.4977,0.1991,26.8483,,,7915.5833,High
Conor Timmins,8479982,BUF,0.0000,0.4940,0.1976,26.9240,,,2948.3000,Medium
Zach Werenski,8478460,CBJ,0.0000,0.4906,0.1963,26.9916,,,7906.9167,High
Jared Spurgeon,8474716,MIN,0.0000,0.4896,0.1958,27.0123,,,7469.9333,High
Nikolas Matinpalo,8484321,OTT,0.0000,0.4888,0.1955,27.0293,,,1176.5000,Low
Mike Matheson,8476875,TOR,0.0000,0.4874,0.1950,27.0562,,,9045.6167,High
Rasmus Andersson,8478397,CGY,0.0000,0.4838,0.1935,27.1290,,,10186.8667,High
Ryan Lindgren,8479324,EDM,0.0000,0.4829,0.1932,27.1480,,,8528.8167,High
Jake Bean,8479402,MIN,0.0000,0.4818,0.1927,27.1701,,,4613.1667,High
Parker Wotherspoon,8478450,PIT,0.0000,0.4809,0.1924,27.1891,,,2990.1667,Medium
Nick Seeler,8476372,PIT,0.0000,0.4789,0.1915,27.2299,,,5034.9000,High
Noah Juulsen,8478454,PHI,0.0000,0.4777,0.1911,27.2539,,,2168.5000,Medium
Will Borgen,8478840,NYR,0.0000,0.4775,0.1910,27.2581,,,5998.2167,High
Nicolas Hague,8479980,NSH,0.0000,0.4770,0.1908,27.2678,,,7340.5333,High
Denton Mateychuk,8483485,CBJ,0.0000,0.4760,0.1904,27.2873,,,1651.3167,Low
Matt Roy,8478911,WSH,0.0000,0.4757,0.1903,27.2938,,,8426.0833,High
Ross Johnston,8477527,ANA,0.0000,0.4731,0.1892,27.3476,,,1810.0333,Low
Lukas Reichel,8482117,CHI,0.0000,0.4719,0.1888,27.3705,,,2468.3500,Medium
Nick Leddy,8475181,SJS,0.0000,0.4659,0.1864,27.4925,,,8024.7333,High
Dylan DeMelo,8476331,WPG,0.0000,0.4658,0.1863,27.4940,,,8923.4000,High
Nick Blankenburg,8483565,NSH,0.0000,0.4598,0.1839,27.6166,,,2665.7833,Medium
Travis Sanheim,8477948,PIT,0.0000,0.4546,0.1818,27.7212,,,9811.2667,High
Marcus Pettersson,8477969,VAN,0.0000,0.4545,0.1818,27.7236,,,8107.1667,High
Marat Khusnutdinov,8482177,BOS,0.0000,0.4541,0.1816,27.7322,,,1737.3333,Low
Louis Crevier,8481806,CHI,0.0000,0.4535,0.1814,27.7428,,,1782.0833,Low
Mathew Dumba,8476856,PIT,0.0000,0.4533,0.1813,27.7478,,,7116.2333,High
Chris Tanev,8475690,TOR,0.0000,0.4532,0.1813,27.7493,,,8101.8167,High
Trevor van Riemsdyk,8477845,ANA,0.0000,0.4501,0.1801,27.8119,,,6825.8667,High
Timothy Liljegren,8480043,SJS,0.0000,0.4498,0.1799,27.8177,,,5254.2167,High
J.J. Moser,8482655,TBL,0.0000,0.4494,0.1797,27.8274,,,6308.9000,High
Liam O'Brien,8477070,UTA,0.0000,0.4487,0.1795,27.8411,,,2288.7000,Medium
Haydn Fleury,8477938,COL,0.0000,0.4486,0.1794,27.8424,,,3174.3000,High
Jeff Petry,8473507,TOR,0.0000,0.4477,0.1791,27.8607,,,7354.4333,High
Alex Vlasic,8481568,LAK,0.0000,0.4467,0.1787,27.8810,,,4857.0667,High
Justin Faulk,8475753,STL,0.0000,0.4467,0.1787,27.8820,,,9651.4000,High
Simon Holmstrom,8481601,NYI,0.0000,0.4447,0.1779,27.9217,,,3665.9667,High
Collin Graf,8484911,SJS,0.0000,0.4433,0.1773,27.9492,,,1487.7000,Low
Philippe Myers,8479026,MTL,0.0000,0.4390,0.1756,28.0379,,,2379.6333,Medium
Carson Soucy,8477369,NYR,0.0000,0.4373,0.1749,28.0710,,,6401.6333,High
Kaiden Guhle,8482087,MTL,0.0000,0.4361,0.1744,28.0959,,,4130.1333,High
Sam Lafferty,8478043,LAK,0.0000,0.4346,0.1738,28.1272,,,3995.4167,High
Calle Jarnkrok,8475714,TOR,0.0000,0.4336,0.1734,28.1463,,,5050.0500,High
Ryan Shea,8478854,PIT,0.0000,0.4239,0.1696,28.3421,,,1949.7500,Low
Jacob Trouba,8476885,ANA,0.0000,0.4225,0.1690,28.3707,,,9510.5000,High
Kevin Bahl,8480860,MIN,0.0000,0.4225,0.1690,28.3713,,,5113.6167,High
Alec Martinez,8474166,CHI,0.0000,0.4199,0.1680,28.4244,,,6001.1833,High
Ty Dellandrea,8480848,DAL,0.0000,0.4188,0.1675,28.4461,,,3488.7000,High
Colton Parayko,8476892,STL,0.0000,0.4187,0.1675,28.4488,,,9440.1333,High
Logan Stanley,8479378,WPG,0.0000,0.4173,0.1669,28.4761,,,3904.3333,High
Adam Pelech,8476917,NYI,0.0000,0.4171,0.1668,28.4807,,,8382.5167,High
Braden Schneider,8482073,NYR,0.0000,0.4152,0.1661,28.5203,,,6319.7167,High
Martin Fehervary,8480796,WSH,0.0000,0.4149,0.1660,28.5256,,,6892.7667,High
Drew Helleson,8481563,WSH,0.0000,0.4148,0.1659,28.5270,,,1402.8833,Low
Brayden Pachal,8481167,CGY,0.0000,0.4138,0.1655,28.5472,,,2297.2500,Medium
Jonas Brodin,8476463,MIN,0.0000,0.4124,0.1649,28.5769,,,8148.5500,High
Nick Jensen,8475324,NYR,0.0000,0.4112,0.1645,28.5998,,,7869.2833,High
Brock Faber,8482122,MIN,0.0000,0.4085,0.1634,28.6548,,,5437.8333,High
Urho Vaakanainen,8480001,NYR,0.0000,0.4080,0.1632,28.6651,,,3374.1333,High
Dante Fabbro,8479371,DET,0.0000,0.4068,0.1627,28.6887,,,6594.2333,High
Ivan Provorov,8478500,DET,0.0000,0.4062,0.1625,28.7009,,,10149.5167,High
Tyler Motte,8477353,DET,0.0000,0.4053,0.1621,28.7202,,,3737.4333,High
Darnell Nurse,8477498,SEA,0.0000,0.4040,0.1616,28.7460,,,11344.1833,High
Ryan Pulock,8477506,COL,0.0000,0.4022,0.1609,28.7828,,,8684.3667,High
Pavel Mintyukov,8483490,WSH,0.0000,0.4014,0.1605,28.7997,,,3120.8667,High
Brian Dumoulin,8475208,CHI,0.0000,0.4013,0.1605,28.8010,,,8347.6333,High
Connor Clifton,8477365,PHI,0.0000,0.4006,0.1602,28.8148,,,6521.6500,High
Brett Leason,8481517,WSH,0.0000,0.3954,0.1582,28.9206,,,2638.9500,Medium
Jonas Siegenthaler,8478399,NJD,0.0000,0.3952,0.1581,28.9235,,,6752.3000,High
Jacob Bryson,8480196,BUF,0.0000,0.3933,0.1573,28.9630,,,4480.8833,High
Ty Emberson,8480834,EDM,0.0000,0.3926,0.1571,28.9763,,,2350.2000,Medium
Dmitry Kulikov,8475179,FLA,0.0000,0.3922,0.1569,28.9861,,,7427.0000,High
Rasmus Ristolainen,8477499,PHI,0.0000,0.3915,0.1566,28.9989,,,6434.7167,High
Alexandre Carrier,8478851,MTL,0.0000,0.3915,0.1566,28.9992,,,7016.0500,High
Joel Edmundson,8476441,LAK,0.0000,0.3907,0.1563,29.0149,,,6896.4500,High
Erik Cernak,8478416,TBL,0.0000,0.3906,0.1562,29.0180,,,7728.9833,High
Justin Holl,8475718,STL,0.0000,0.3891,0.1557,29.0473,,,6316.6000,High
Adam Larsson,8476457,EDM,0.0000,0.3885,0.1554,29.0610,,,9955.6167,High
Jon Merrill,8475750,MIN,0.0000,0.3877,0.1551,29.0767,,,5305.2833,High
Henri Jokiharju,8480035,SJS,0.0000,0.3859,0.1544,29.1122,,,6100.5333,High
Connor Dewar,8480980,PIT,0.0000,0.3855,0.1542,29.1212,,,3436.6667,High
Brenden Dillon,8475455,NJD,0.0000,0.3834,0.1533,29.1643,,,8233.3667,High
Luke Schenn,8474568,WPG,0.0000,0.3830,0.1532,29.1723,,,5695.1333,High
Connor Murphy,8476473,LAK,0.0000,0.3781,0.1513,29.2698,,,7082.3833,High
Jamie Oleksiak,8476467,SEA,0.0000,0.3778,0.1511,29.2771,,,8179.0833,High
Tyler Myers,8474574,VAN,0.0000,0.3753,0.1501,29.3275,,,8696.9667,High
Radko Gudas,8475462,ANA,0.0000,0.3727,0.1491,29.3807,,,7547.8000,High
Alexander Romanov,8481014,WSH,0.0000,0.3712,0.1485,29.4101,,,7483.1333,High
Esa Lindell,8476902,DAL,0.0000,0.3708,0.1483,29.4186,,,10630.0000,High
Ryan McDonagh,8474151,CAR,0.0000,0.3679,0.1471,29.4782,,,9446.3000,High
Zach Bogosian,8474567,CGY,0.0000,0.3631,0.1452,29.5746,,,5449.2667,High
Jeremy Lauzon,8478468,EDM,0.0000,0.3590,0.1436,29.6585,,,6063.0167,High
Derek Forbort,8475762,VAN,0.0000,0.3554,0.1421,29.7311,,,5527.5500,High
Troy Stecher,8479442,TOR,0.0000,0.3482,0.1393,29.8756,,,5398.3833,High
John Beecher,8481556,CGY,0.0000,0.3479,0.1391,29.8833,,,1752.8167,Low
Ryan Graves,8477435,PIT,0.0000,0.3461,0.1384,29.9187,,,6916.7333,High
Cole Koepke,8481043,WPG,0.0000,0.3445,0.1378,29.9521,,,1452.3167,Low
Freddy Gaudreau,8477919,EDM,0.0000,0.3437,0.1375,29.9666,,,6098.8000,High
Scott Mayfield,8476429,NYI,0.0000,0.3392,0.1357,30.0588,,,7203.8833,High
Alexandre Texier,8480074,MTL,0.0000,0.3360,0.1344,30.1223,,,3324.4500,High
Jake McCabe,8476931,CAR,0.0000,0.3352,0.1341,30.1399,,,8016.6167,High
Vladislav Gavrikov,8478882,NYR,0.0000,0.3348,0.1339,30.1486,,,9443.2333,High
Ilya Lyubushkin,8480950,DAL,0.0000,0.3299,0.1319,30.2476,,,6547.9667,High
Henry Thrun,8481567,TOR,0.0000,0.3118,0.1247,30.6129,,,2220.6333,Medium
Cody Ceci,8476879,LAK,0.0000,0.2994,0.1198,30.8636,,,9982.6333,High
Jan Rutta,8480172,STL,0.0000,0.2988,0.1195,30.8761,,,5588.7833,High
Jake Christiansen,8481161,WSH,0.0000,0.2983,0.1193,30.8877,,,1635.6000,Low
Beck Malenstyn,8479359,BUF,0.0000,0.2942,0.1177,30.9701,,,2749.1000,Medium
Jake Middleton,8478136,MIN,0.0000,0.2896,0.1158,31.0628,,,6944.0000,High
Ben Chiarot,8475279,DET,0.0000,0.2855,0.1142,31.1458,,,9148.5833,High
Simon Benoit,8481122,TOR,0.0000,0.2789,0.1116,31.2800,,,5773.6500,High
Brandon Carlo,8478443,NJD,0.0000,0.2691,0.1076,31.4780,,,8037.9833,High
Mattias Samuelsson,8480807,BUF,0.0000,0.2592,0.1037,31.6788,,,5377.1000,High
David Savard,8475233,MTL,0.0000,0.2363,0.0945,32.1418,,,6503.6833,High
Travis Hamonic,8474612,NJD,0.0000,0.2339,0.0936,32.1913,,,4801.3000,High
Mario Ferraro,8479983,DAL,0.0000,0.2216,0.0886,32.4407,,,8833.3500,High
Andrew Peeke,8479369,NJD,0.0000,0.2072,0.0829,32.7313,,,6582.6833,High
Luke Kunin,8479316,FLA,0.0000,0.1909,0.0764,33.0616,,,5052.3833,High
Erik Gudbranson,8475790,WSH,0.0000,0.1786,0.0714,33.3115,,,6215.8667,High
